name,link,min_salary,max_salary,currency
Data Scientist (команда Поиска),https://lipetsk.hh.ru/vacancy/83116089?from=vacancy_search_list&query=python,350000,None,₽
Преподаватель по Python разработке в ИТ-школу,https://lipetsk.hh.ru/vacancy/84152777?from=vacancy_search_list&query=python,None,None,None
Программист Python (Junior),https://lipetsk.hh.ru/vacancy/84287412?from=vacancy_search_list&query=python,30000,None,₽
Стажер / Младший программист (Backend / Python),https://lipetsk.hh.ru/vacancy/84128553?from=vacancy_search_list&query=python,None,None,None
Стажер-программист Python,https://lipetsk.hh.ru/vacancy/84282045?from=vacancy_search_list&query=python,20000,30000,₽
"Разработчик Python в IT-компанию, удаленно",https://lipetsk.hh.ru/vacancy/84077735?from=vacancy_search_list&query=python,25000,50000,₽
Junior Программист/Разработчик Python,https://lipetsk.hh.ru/vacancy/84278383?from=vacancy_search_list&query=python,60000,None,₽
Python разработчик,https://lipetsk.hh.ru/vacancy/84131865?from=vacancy_search_list&query=python,100000,200000,₽
Программист Python,https://lipetsk.hh.ru/vacancy/83684261?from=vacancy_search_list&query=python,200000,None,₽
Python-разработчик,https://lipetsk.hh.ru/vacancy/83921162?from=vacancy_search_list&query=python,450000,None,₽
Python-разработчик,https://lipetsk.hh.ru/vacancy/82888245?from=vacancy_search_list&query=python,420000,None,₽
Разработчик Python,https://lipetsk.hh.ru/vacancy/83332307?from=vacancy_search_list&query=python,160000,180000,₽
Программист Python,https://lipetsk.hh.ru/vacancy/83907794?from=vacancy_search_list&query=python,80000,120000,₽
Python developer (AI),https://lipetsk.hh.ru/vacancy/84318641?from=vacancy_search_list&query=python,5500,7500,$
Разработчик Python,https://lipetsk.hh.ru/vacancy/80736556?from=vacancy_search_list&query=python,30000,80000,₽
Python / django разработчик,https://lipetsk.hh.ru/vacancy/83817542?from=vacancy_search_list&query=python,70000,None,₽
Python разработчик (удалённо),https://lipetsk.hh.ru/vacancy/84220133?from=vacancy_search_list&query=python,150000,200000,₽
Программист Python,https://lipetsk.hh.ru/vacancy/83439263?from=vacancy_search_list&query=python,150000,250000,₽
Программист Python,https://lipetsk.hh.ru/vacancy/82795669?from=vacancy_search_list&query=python,60000,None,₽
Программист Python,https://lipetsk.hh.ru/vacancy/84001239?from=vacancy_search_list&query=python,300000,None,₽
Python/PostgreSQL разработчик,https://lipetsk.hh.ru/vacancy/83336118?from=vacancy_search_list&query=python,200000,300000,₽
Программист Python,https://lipetsk.hh.ru/vacancy/84174184?from=vacancy_search_list&query=python,150000,None,₽
Trainee Python Developer,https://lipetsk.hh.ru/vacancy/82034889?from=vacancy_search_list&query=python,None,None,None
Data Engineer,https://lipetsk.hh.ru/vacancy/83685456?from=vacancy_search_list&query=python,230000,300000,₽
Программист Python для ИТ компании,https://lipetsk.hh.ru/vacancy/84095672?from=vacancy_search_list&query=python,75000,120000,₽
Стажер/Reinforcement Learning Engineer,https://lipetsk.hh.ru/vacancy/84251420?from=vacancy_search_list&query=python,None,None,None
Python Developer,https://lipetsk.hh.ru/vacancy/84179795?from=vacancy_search_list&query=python,None,None,None
Python-разработчик в R&D отдел,https://lipetsk.hh.ru/vacancy/72687478?from=vacancy_search_list&query=python,100000,150000,₽
Python Developer,https://lipetsk.hh.ru/vacancy/83359221?from=vacancy_search_list&query=python,150000,None,₽
Middle/Senior Python developer,https://lipetsk.hh.ru/vacancy/83808487?from=vacancy_search_list&query=python,200000,350000,₽
Программист Python (Ялта),https://lipetsk.hh.ru/vacancy/84326754?from=vacancy_search_list&query=python,None,None,None
Программист Python,https://lipetsk.hh.ru/vacancy/84062980?from=vacancy_search_list&query=python,None,None,None
Стажер Python developer (СКИИС),https://lipetsk.hh.ru/vacancy/84062871?from=vacancy_search_list&query=python,None,None,None
Middle Python Developer,https://lipetsk.hh.ru/vacancy/83756794?from=vacancy_search_list&query=python,150000,None,₽
Python-разработчик (Django),https://lipetsk.hh.ru/vacancy/84046952?from=vacancy_search_list&query=python,230000,None,₽
Python-разработчик систем сбора,https://lipetsk.hh.ru/vacancy/72687495?from=vacancy_search_list&query=python,100000,150000,₽
Python-developer,https://lipetsk.hh.ru/vacancy/84124439?from=vacancy_search_list&query=python,150000,200000,₽
Ведущий Python разработчик,https://lipetsk.hh.ru/vacancy/84271869?from=vacancy_search_list&query=python,200000,250000,₽
Python developer,https://lipetsk.hh.ru/vacancy/75486835?from=vacancy_search_list&query=python,150000,200000,₽
Разработчик Python (Flask/PostgreSQL/Redis),https://lipetsk.hh.ru/vacancy/82138937?from=vacancy_search_list&query=python,350000,None,₽
Ведущий Python-developer,https://lipetsk.hh.ru/vacancy/84147255?from=vacancy_search_list&query=python,240000,300000,₽
Data Scientist / ML Engineer (Middle+),https://lipetsk.hh.ru/vacancy/81489621?from=vacancy_search_list&query=python,180000,260000,₽
Преподаватель Python,https://lipetsk.hh.ru/vacancy/84139392?from=vacancy_search_list&query=python,None,None,None
Программист Python,https://lipetsk.hh.ru/vacancy/83532503?from=vacancy_search_list&query=python,130000,None,₽
Стажер-разработчик Python,https://lipetsk.hh.ru/vacancy/83811980?from=vacancy_search_list&query=python,None,None,None
Senior Python developer (Django),https://lipetsk.hh.ru/vacancy/83962887?from=vacancy_search_list&query=python,5200,None,$
Middle Python Developer,https://lipetsk.hh.ru/vacancy/83188462?from=vacancy_search_list&query=python,None,None,None
Senior Backend Developer (Python),https://lipetsk.hh.ru/vacancy/83963752?from=vacancy_search_list&query=python,3500,None,€
Разработчик Python,https://lipetsk.hh.ru/vacancy/84078073?from=vacancy_search_list&query=python,150000,None,₽
Middle/Senior Python-разработчик (удаленно),https://lipetsk.hh.ru/vacancy/83645238?from=vacancy_search_list&query=python,280000,None,₽
Программист Python,https://lipetsk.hh.ru/vacancy/80217484?from=vacancy_search_list&query=python,150000,200000,₽
Middle python developer,https://lipetsk.hh.ru/vacancy/83207801?from=vacancy_search_list&query=python,150000,None,₽
Программист Python (Junior +),https://lipetsk.hh.ru/vacancy/83633647?from=vacancy_search_list&query=python,200000,None,₽
Python разработчик,https://lipetsk.hh.ru/vacancy/82274031?from=vacancy_search_list&query=python,None,None,None
Junior Data Scientist (Стажер),https://lipetsk.hh.ru/vacancy/83678534?from=vacancy_search_list&query=python,None,None,None
Team Lead Python,https://lipetsk.hh.ru/vacancy/82994719?from=vacancy_search_list&query=python,6000,None,$
Python Backend разработчик,https://lipetsk.hh.ru/vacancy/81930964?from=vacancy_search_list&query=python,None,None,None
Python Developer,https://lipetsk.hh.ru/vacancy/78687532?from=vacancy_search_list&query=python,None,None,None
"Разработчик Python, удаленно",https://lipetsk.hh.ru/vacancy/83161563?from=vacancy_search_list&query=python,200000,350000,₽
Middle Python developer,https://lipetsk.hh.ru/vacancy/72687504?from=vacancy_search_list&query=python,150000,200000,₽
Программист Python Аналитик данных,https://lipetsk.hh.ru/vacancy/83332610?from=vacancy_search_list&query=python,250000,None,₽
Преподаватель Python,https://lipetsk.hh.ru/vacancy/83128333?from=vacancy_search_list&query=python,75000,125000,₽
Наставник на курсы для подростков по Python-разработке,https://lipetsk.hh.ru/vacancy/83222866?from=vacancy_search_list&query=python,None,None,None
Senior Python developer (Django),https://lipetsk.hh.ru/vacancy/83962890?from=vacancy_search_list&query=python,5200,None,$
Junior Python Developer,https://lipetsk.hh.ru/vacancy/83385826?from=vacancy_search_list&query=python,None,None,None
Python Django - ментор,https://lipetsk.hh.ru/vacancy/83064869?from=vacancy_search_list&query=python,None,None,None
Разработчик Python/Developer Python,https://lipetsk.hh.ru/vacancy/83461035?from=vacancy_search_list&query=python,250000,400000,₽
Педагог дополнительного образования по направлению Программирование на Python,https://lipetsk.hh.ru/vacancy/83950784?from=vacancy_search_list&query=python,45000,None,₽
Python разработчик (удалённо),https://lipetsk.hh.ru/vacancy/82039217?from=vacancy_search_list&query=python,200000,280000,₽
Разработчик Python,https://lipetsk.hh.ru/vacancy/83453023?from=vacancy_search_list&query=python,170000,None,₽
Программист Python,https://lipetsk.hh.ru/vacancy/80505413?from=vacancy_search_list&query=python,115000,220000,₽
Аналитик данных (Python),https://lipetsk.hh.ru/vacancy/83373693?from=vacancy_search_list&query=python,200000,None,₽
Программист Python,https://lipetsk.hh.ru/vacancy/83345305?from=vacancy_search_list&query=python,70000,250000,₽
Программист Python,https://lipetsk.hh.ru/vacancy/80505531?from=vacancy_search_list&query=python,125000,220000,₽
Разработчик Python (FastAPI),https://lipetsk.hh.ru/vacancy/83267180?from=vacancy_search_list&query=python,200000,None,₽
Python developer,https://lipetsk.hh.ru/vacancy/46229759?from=vacancy_search_list&query=python,150000,250000,₽
Программист-разработчик Python,https://lipetsk.hh.ru/vacancy/83558084?from=vacancy_search_list&query=python,None,None,None
Backend-разработчик Python/Django,https://lipetsk.hh.ru/vacancy/83752469?from=vacancy_search_list&query=python,130000,None,₽
Python-разработчик / Junior Python Developer,https://lipetsk.hh.ru/vacancy/83041941?from=vacancy_search_list&query=python,100000,150000,₽
Ведущий Python-developer,https://lipetsk.hh.ru/vacancy/83748034?from=vacancy_search_list&query=python,220000,340000,₽
Разработчик (python) - администратор системы,https://lipetsk.hh.ru/vacancy/83641799?from=vacancy_search_list&query=python,90000,None,₽
Разработчик Python (Продукт в сфере кибербезопасности),https://lipetsk.hh.ru/vacancy/83000538?from=vacancy_search_list&query=python,2000,None,$
Разработчик Python,https://lipetsk.hh.ru/vacancy/82904137?from=vacancy_search_list&query=python,100000,None,₽
Программист Python (парсинг данных),https://lipetsk.hh.ru/vacancy/83053963?from=vacancy_search_list&query=python,40000,None,₽
Разработчик Python,https://lipetsk.hh.ru/vacancy/80402635?from=vacancy_search_list&query=python,150000,None,₽
Инженер-программист (Python),https://lipetsk.hh.ru/vacancy/82877348?from=vacancy_search_list&query=python,150000,None,₽
Программист Python (парсинг данных),https://lipetsk.hh.ru/vacancy/83053964?from=vacancy_search_list&query=python,40000,None,₽
Разработчик Python MLOps,https://lipetsk.hh.ru/vacancy/83055766?from=vacancy_search_list&query=python,250000,None,₽
Python middle developer,https://lipetsk.hh.ru/vacancy/83268142?from=vacancy_search_list&query=python,140000,200000,₽
"Преподаватель/ментор по программированию (Python, Roblox)",https://lipetsk.hh.ru/vacancy/82882010?from=vacancy_search_list&query=python,100000,200000,₸
Senior Python developer (MLOps),https://lipetsk.hh.ru/vacancy/83148895?from=vacancy_search_list&query=python,4000,None,€
Backend-разработчик Python,https://lipetsk.hh.ru/vacancy/82935668?from=vacancy_search_list&query=python,230000,None,₽
Преподаватель Python,https://lipetsk.hh.ru/vacancy/83128330?from=vacancy_search_list&query=python,75000,125000,₽
Backend-разработчик Python/C++,https://lipetsk.hh.ru/vacancy/82900807?from=vacancy_search_list&query=python,2500,3500,$
Преподаватель Python,https://lipetsk.hh.ru/vacancy/83128331?from=vacancy_search_list&query=python,75000,125000,₽
Преподаватель Python (offline),https://lipetsk.hh.ru/vacancy/83365087?from=vacancy_search_list&query=python,None,None,None
Ведущий разработчик Python,https://lipetsk.hh.ru/vacancy/83086630?from=vacancy_search_list&query=python,200000,None,₽
Python разработчик (аккредитованная компания),https://lipetsk.hh.ru/vacancy/82926114?from=vacancy_search_list&query=python,240000,270000,₽
Backend-разработчик Python/C++,https://lipetsk.hh.ru/vacancy/82900806?from=vacancy_search_list&query=python,2500,3500,$
Python Django - ментор,https://lipetsk.hh.ru/vacancy/81960294?from=vacancy_search_list&query=python,None,None,None
Java developer (команда Пандора),https://lipetsk.hh.ru/vacancy/83356341?from=vacancy_search_list&query=python,None,None,None
Рекрутер - Разработчик AI Python (Удаленно),https://lipetsk.hh.ru/vacancy/84066861?from=vacancy_search_list&query=python,100000,160000,₽
Backend Python developer (senior/middle+),https://lipetsk.hh.ru/vacancy/82734703?from=vacancy_search_list&query=python,150000,200000,₽
Python разработчик,https://lipetsk.hh.ru/vacancy/84065924?from=vacancy_search_list&query=python,None,None,None
Middle Python Developer,https://lipetsk.hh.ru/vacancy/82565336?from=vacancy_search_list&query=python,150000,200000,₽
Senior Python developer,https://lipetsk.hh.ru/vacancy/84101593?from=vacancy_search_list&query=python,200000,380000,₽
Middle разработчик Python / Django,https://lipetsk.hh.ru/vacancy/82910400?from=vacancy_search_list&query=python,60000,140000,₽
Junior Data Engineer,https://lipetsk.hh.ru/vacancy/83574970?from=vacancy_search_list&query=python,None,None,None
Старший Python разработчик (удаленно) можно работать из-за границы!,https://lipetsk.hh.ru/vacancy/83694628?from=vacancy_search_list&query=python,230000,None,₽
Python Developer (Low-Code) / Разработчик,https://lipetsk.hh.ru/vacancy/84023872?from=vacancy_search_list&query=python,120000,None,₽
Python Developer (Data Science),https://lipetsk.hh.ru/vacancy/84273008?from=vacancy_search_list&query=python,100000,None,₽
Python-разработчик,https://lipetsk.hh.ru/vacancy/83701101?from=vacancy_search_list&query=python,None,None,None
Backend developer (python),https://lipetsk.hh.ru/vacancy/83207201?from=vacancy_search_list&query=python,230000,None,₽
Программист python (БДУ),https://lipetsk.hh.ru/vacancy/82626496?from=vacancy_search_list&query=python,None,None,None
Python-разработчик,https://lipetsk.hh.ru/vacancy/82532098?from=vacancy_search_list&query=python,None,None,None
Python Developer (Middle),https://lipetsk.hh.ru/vacancy/83500026?from=vacancy_search_list&query=python,None,None,None
Python разработчик (удаленно),https://lipetsk.hh.ru/vacancy/80435321?from=vacancy_search_list&query=python,None,None,None
Программист Python,https://lipetsk.hh.ru/vacancy/78036570?from=vacancy_search_list&query=python,None,None,None
Data Engineer / Программист моделей машинного обучения,https://lipetsk.hh.ru/vacancy/82136567?from=vacancy_search_list&query=python,200000,None,₽
Python Developer Middle (Backend),https://lipetsk.hh.ru/vacancy/83324797?from=vacancy_search_list&query=python,None,None,None
Python разработчик / Python developer,https://lipetsk.hh.ru/vacancy/80229280?from=vacancy_search_list&query=python,None,None,None
Разработчик Python,https://lipetsk.hh.ru/vacancy/84315858?from=vacancy_search_list&query=python,None,None,None
Автор курса «Python-разработчик»,https://lipetsk.hh.ru/vacancy/84043961?from=vacancy_search_list&query=python,None,None,None
TechLead Python,https://lipetsk.hh.ru/vacancy/83145841?from=vacancy_search_list&query=python,None,None,None
Lead Python разработчик,https://lipetsk.hh.ru/vacancy/84083266?from=vacancy_search_list&query=python,None,None,None
Lead Python разработчик,https://lipetsk.hh.ru/vacancy/82865942?from=vacancy_search_list&query=python,None,None,None
Python разработчик (Senior),https://lipetsk.hh.ru/vacancy/83286910?from=vacancy_search_list&query=python,None,None,None
Senior Python Developer,https://lipetsk.hh.ru/vacancy/82994923?from=vacancy_search_list&query=python,None,None,None
Python Developer (Infrastructure),https://lipetsk.hh.ru/vacancy/76680884?from=vacancy_search_list&query=python,None,None,None
Senior Python developer,https://lipetsk.hh.ru/vacancy/82990482?from=vacancy_search_list&query=python,None,None,None
Python Team Lead,https://lipetsk.hh.ru/vacancy/84209097?from=vacancy_search_list&query=python,None,None,None
Middle Python разработчик,https://lipetsk.hh.ru/vacancy/83734451?from=vacancy_search_list&query=python,None,None,None
Python Backend Developer (AI),https://lipetsk.hh.ru/vacancy/82917977?from=vacancy_search_list&query=python,None,None,None
Lead Python Программист,https://lipetsk.hh.ru/vacancy/84255157?from=vacancy_search_list&query=python,None,None,None
Senior Python developer,https://lipetsk.hh.ru/vacancy/84202807?from=vacancy_search_list&query=python,300000,None,₽
Python developer (от мидла и выше),https://lipetsk.hh.ru/vacancy/83129187?from=vacancy_search_list&query=python,None,None,None
Разработчик Python,https://lipetsk.hh.ru/vacancy/82160677?from=vacancy_search_list&query=python,None,None,None
Senior Python (Django) Developer,https://lipetsk.hh.ru/vacancy/80998112?from=vacancy_search_list&query=python,None,None,None
Senior Python Developer,https://lipetsk.hh.ru/vacancy/82088233?from=vacancy_search_list&query=python,None,None,None
Программист Python,https://lipetsk.hh.ru/vacancy/78155882?from=vacancy_search_list&query=python,None,None,None
Разработчик Python (junior),https://lipetsk.hh.ru/vacancy/84139750?from=vacancy_search_list&query=python,None,None,None
Senior Python developer,https://lipetsk.hh.ru/vacancy/83461647?from=vacancy_search_list&query=python,5000,None,$
Python developer (middle),https://lipetsk.hh.ru/vacancy/83277528?from=vacancy_search_list&query=python,2000,None,$
Python developer (Middle),https://lipetsk.hh.ru/vacancy/83781565?from=vacancy_search_list&query=python,None,None,None
Python-разработчик,https://lipetsk.hh.ru/vacancy/76971042?from=vacancy_search_list&query=python,None,None,None
Разработчик Python (Back Python),https://lipetsk.hh.ru/vacancy/79219903?from=vacancy_search_list&query=python,None,None,None
Разработчик Unreal Engine с опытом Python и интеграцией API,https://lipetsk.hh.ru/vacancy/84120156?from=vacancy_search_list&query=python,200000,None,₽
Backend Python разработчик,https://lipetsk.hh.ru/vacancy/84118400?from=vacancy_search_list&query=python,80000,None,₽
Python developer,https://lipetsk.hh.ru/vacancy/79120764?from=vacancy_search_list&query=python,None,None,None
Разработчик Python,https://lipetsk.hh.ru/vacancy/84126696?from=vacancy_search_list&query=python,None,None,None
Разработчик Python,https://lipetsk.hh.ru/vacancy/84126945?from=vacancy_search_list&query=python,None,None,None
Разработчик Python,https://lipetsk.hh.ru/vacancy/84126302?from=vacancy_search_list&query=python,None,None,None
Разработчик Python риск-стратегии - чаптер,https://lipetsk.hh.ru/vacancy/84212667?from=vacancy_search_list&query=python,None,None,None
Python-разработчик в команду Антифрода,https://lipetsk.hh.ru/vacancy/83706319?from=vacancy_search_list&query=python,None,None,None
Remote Python Developer,https://lipetsk.hh.ru/vacancy/84264476?from=vacancy_search_list&query=python,None,None,None
Разработчик Python,https://lipetsk.hh.ru/vacancy/84101692?from=vacancy_search_list&query=python,None,None,None
Python разработчик,https://lipetsk.hh.ru/vacancy/84109496?from=vacancy_search_list&query=python,None,None,None
Разработчик Python,https://lipetsk.hh.ru/vacancy/84125839?from=vacancy_search_list&query=python,None,None,None
Python-разработчик,https://lipetsk.hh.ru/vacancy/84105209?from=vacancy_search_list&query=python,None,None,None
Python Developer,https://lipetsk.hh.ru/vacancy/84171168?from=vacancy_search_list&query=python,None,None,None
Python Developer (Echannel),https://lipetsk.hh.ru/vacancy/84081940?from=vacancy_search_list&query=python,None,None,None
Ведущий разработчик Computer vision (Python),https://lipetsk.hh.ru/vacancy/84032436?from=vacancy_search_list&query=python,None,None,None
Python developer,https://lipetsk.hh.ru/vacancy/83966281?from=vacancy_search_list&query=python,180000,None,₽
Python разработчик,https://lipetsk.hh.ru/vacancy/83977854?from=vacancy_search_list&query=python,None,None,None
Python-разработчик Senior,https://lipetsk.hh.ru/vacancy/81085097?from=vacancy_search_list&query=python,250000,None,₽
Junior python developer,https://lipetsk.hh.ru/vacancy/83922114?from=vacancy_search_list&query=python,None,None,None
Strong junior / Middle Python разработчик,https://lipetsk.hh.ru/vacancy/83953135?from=vacancy_search_list&query=python,None,None,None
Python разработчик,https://lipetsk.hh.ru/vacancy/83918726?from=vacancy_search_list&query=python,None,None,None
Middle Python разработчик,https://lipetsk.hh.ru/vacancy/83959395?from=vacancy_search_list&query=python,None,None,None
Python Backend Developer,https://lipetsk.hh.ru/vacancy/82969846?from=vacancy_search_list&query=python,None,None,None
Python-разработчик,https://lipetsk.hh.ru/vacancy/84014204?from=vacancy_search_list&query=python,None,None,None
Python-разработчик,https://lipetsk.hh.ru/vacancy/84018142?from=vacancy_search_list&query=python,None,None,None
Программист Python,https://lipetsk.hh.ru/vacancy/83967739?from=vacancy_search_list&query=python,None,None,None
Разработчик Python (Middle+),https://lipetsk.hh.ru/vacancy/82557044?from=vacancy_search_list&query=python,None,None,None
Python Developer,https://lipetsk.hh.ru/vacancy/78666024?from=vacancy_search_list&query=python,None,None,None
Python-разработчик,https://lipetsk.hh.ru/vacancy/80122527?from=vacancy_search_list&query=python,None,None,None
Ведущий программист Python,https://lipetsk.hh.ru/vacancy/83915281?from=vacancy_search_list&query=python,None,None,None
Python developer,https://lipetsk.hh.ru/vacancy/83964990?from=vacancy_search_list&query=python,None,None,None
Разработчик Python(RuPost),https://lipetsk.hh.ru/vacancy/43558725?from=vacancy_search_list&query=python,None,None,None
Автотестировщик на Python,https://lipetsk.hh.ru/vacancy/79736463?from=vacancy_search_list&query=python,None,None,None
Python Developer,https://lipetsk.hh.ru/vacancy/83820641?from=vacancy_search_list&query=python,None,None,None
Middle Python Developer,https://lipetsk.hh.ru/vacancy/83781440?from=vacancy_search_list&query=python,None,None,None
Ведущий Python-разработчик,https://lipetsk.hh.ru/vacancy/83605454?from=vacancy_search_list&query=python,None,None,None
Python Developer,https://lipetsk.hh.ru/vacancy/83772085?from=vacancy_search_list&query=python,None,None,None
Python developer,https://lipetsk.hh.ru/vacancy/81942768?from=vacancy_search_list&query=python,None,None,None
Программист Python,https://lipetsk.hh.ru/vacancy/77005951?from=vacancy_search_list&query=python,None,None,None
Разработчик Python (BigData),https://lipetsk.hh.ru/vacancy/83741458?from=vacancy_search_list&query=python,None,None,None
Python разработчик,https://lipetsk.hh.ru/vacancy/83544553?from=vacancy_search_list&query=python,None,None,None
SDET инженер (Python),https://lipetsk.hh.ru/vacancy/83669648?from=vacancy_search_list&query=python,None,None,None
Python-разработчик ВИСТ Групп,https://lipetsk.hh.ru/vacancy/83703061?from=vacancy_search_list&query=python,None,None,None
Ведущий разработчик Python,https://lipetsk.hh.ru/vacancy/80143102?from=vacancy_search_list&query=python,None,None,None
Разработчик Python,https://lipetsk.hh.ru/vacancy/83521957?from=vacancy_search_list&query=python,None,None,None
Python-разработчик ВИСТ Групп,https://lipetsk.hh.ru/vacancy/83669143?from=vacancy_search_list&query=python,None,None,None
Разработчик Python,https://lipetsk.hh.ru/vacancy/83521985?from=vacancy_search_list&query=python,None,None,None
Разработчик Python,https://lipetsk.hh.ru/vacancy/83522010?from=vacancy_search_list&query=python,None,None,None
SDET инженер (Python),https://lipetsk.hh.ru/vacancy/83669649?from=vacancy_search_list&query=python,None,None,None
Middle Python developer,https://lipetsk.hh.ru/vacancy/83584847?from=vacancy_search_list&query=python,None,None,None
Python Developer,https://lipetsk.hh.ru/vacancy/80915952?from=vacancy_search_list&query=python,None,None,None
Ведущий разработчик Python,https://lipetsk.hh.ru/vacancy/80143012?from=vacancy_search_list&query=python,None,None,None
Python developer,https://lipetsk.hh.ru/vacancy/83533426?from=vacancy_search_list&query=python,None,None,None
Python-developer,https://lipetsk.hh.ru/vacancy/67635148?from=vacancy_search_list&query=python,100000,215000,₽
Программист Python,https://lipetsk.hh.ru/vacancy/83405006?from=vacancy_search_list&query=python,None,None,None
Python developer,https://lipetsk.hh.ru/vacancy/83442419?from=vacancy_search_list&query=python,None,None,None
Backend разработчик Python,https://lipetsk.hh.ru/vacancy/83374042?from=vacancy_search_list&query=python,None,None,None
Разработчик Python,https://lipetsk.hh.ru/vacancy/83353712?from=vacancy_search_list&query=python,None,None,None
Разработчик Python,https://lipetsk.hh.ru/vacancy/83338638?from=vacancy_search_list&query=python,None,None,None
Специалист по автоматизированному тестированию\SDET (Python),https://lipetsk.hh.ru/vacancy/83243698?from=vacancy_search_list&query=python,None,None,None
Python разработчик,https://lipetsk.hh.ru/vacancy/79793253?from=vacancy_search_list&query=python,None,None,None
Python-разработчик,https://lipetsk.hh.ru/vacancy/83348203?from=vacancy_search_list&query=python,None,None,None
Эксперт Python,https://lipetsk.hh.ru/vacancy/82283039?from=vacancy_search_list&query=python,None,None,None
"Преподаватель курсов направления Python ""Программирование на языке Python для школьников""",https://lipetsk.hh.ru/vacancy/83296594?from=vacancy_search_list&query=python,None,None,None
Python разработчик (Middle),https://lipetsk.hh.ru/vacancy/77731485?from=vacancy_search_list&query=python,None,None,None
Python разработчик (Middle),https://lipetsk.hh.ru/vacancy/77731487?from=vacancy_search_list&query=python,None,None,None
Python Developer,https://lipetsk.hh.ru/vacancy/83265813?from=vacancy_search_list&query=python,90000,150000,₽
Python разработчик,https://lipetsk.hh.ru/vacancy/83413435?from=vacancy_search_list&query=python,None,None,None
Python разработчик (Middle),https://lipetsk.hh.ru/vacancy/77731486?from=vacancy_search_list&query=python,None,None,None
Python-разработчик,https://lipetsk.hh.ru/vacancy/81880879?from=vacancy_search_list&query=python,None,None,None
Python разработчик,https://lipetsk.hh.ru/vacancy/76908070?from=vacancy_search_list&query=python,None,None,None
Разработчик Python,https://lipetsk.hh.ru/vacancy/81241313?from=vacancy_search_list&query=python,None,None,None
Python Developer,https://lipetsk.hh.ru/vacancy/83284841?from=vacancy_search_list&query=python,None,None,None
Python Developer,https://lipetsk.hh.ru/vacancy/83213618?from=vacancy_search_list&query=python,None,None,None
Разработчик Python,https://lipetsk.hh.ru/vacancy/83226584?from=vacancy_search_list&query=python,None,None,None
Backend-разработчик (middle),https://lipetsk.hh.ru/vacancy/83064241?from=vacancy_search_list&query=python,150000,180000,₽
Разработчик Python (middle+senior),https://lipetsk.hh.ru/vacancy/82284561?from=vacancy_search_list&query=python,None,None,None
Python-разработчик (Совкомбанк Технологии),https://lipetsk.hh.ru/vacancy/77944476?from=vacancy_search_list&query=python,None,None,None
Python-разработчик,https://lipetsk.hh.ru/vacancy/81859172?from=vacancy_search_list&query=python,None,None,None
Разработчик Python,https://lipetsk.hh.ru/vacancy/83152170?from=vacancy_search_list&query=python,None,None,None
Python Developer,https://lipetsk.hh.ru/vacancy/76498335?from=vacancy_search_list&query=python,None,None,None
Разработчик Python,https://lipetsk.hh.ru/vacancy/83043168?from=vacancy_search_list&query=python,None,None,None
Разработчик Python,https://lipetsk.hh.ru/vacancy/82956097?from=vacancy_search_list&query=python,100000,None,₽
Программист Python,https://lipetsk.hh.ru/vacancy/82983936?from=vacancy_search_list&query=python,None,None,None
Python Developer middle+/senior,https://lipetsk.hh.ru/vacancy/82999670?from=vacancy_search_list&query=python,300000,None,₽
Python-разработчик (удаленно),https://lipetsk.hh.ru/vacancy/83157584?from=vacancy_search_list&query=python,None,None,None
Middle/Senior Python разработчик (Django),https://lipetsk.hh.ru/vacancy/82890046?from=vacancy_search_list&query=python,250000,None,₽
Разработчик Python,https://lipetsk.hh.ru/vacancy/80277099?from=vacancy_search_list&query=python,None,None,None
Python разработчик,https://lipetsk.hh.ru/vacancy/83064695?from=vacancy_search_list&query=python,None,None,None
Python Developer,https://lipetsk.hh.ru/vacancy/83122325?from=vacancy_search_list&query=python,None,None,None
Python Developer (middle),https://lipetsk.hh.ru/vacancy/82170330?from=vacancy_search_list&query=python,None,None,None
Middle/Senior Python Developer,https://lipetsk.hh.ru/vacancy/82883031?from=vacancy_search_list&query=python,270000,None,₽
Python Tech Lead,https://lipetsk.hh.ru/vacancy/82882937?from=vacancy_search_list&query=python,300000,None,₽
Middle Python Developer,https://lipetsk.hh.ru/vacancy/82986443?from=vacancy_search_list&query=python,200000,350000,₽
Junior Python-разработчик,https://lipetsk.hh.ru/vacancy/84024689?from=vacancy_search_list&query=python,None,None,None
Разработчик Python,https://lipetsk.hh.ru/vacancy/84061130?from=vacancy_search_list&query=python,200000,None,₽
"Разработчик Python (FastAPI, MySQL, Clickhouse) удаленно",https://lipetsk.hh.ru/vacancy/82826027?from=vacancy_search_list&query=python,180000,270000,₽
Python-разработчик,https://lipetsk.hh.ru/vacancy/70477269?from=vacancy_search_list&query=python,None,None,None
Backend-разработчик (Python),https://lipetsk.hh.ru/vacancy/84190497?from=vacancy_search_list&query=python,70000,None,₽
Python разработчик,https://lipetsk.hh.ru/vacancy/84138273?from=vacancy_search_list&query=python,None,None,None
Разработчик (Python),https://lipetsk.hh.ru/vacancy/83691129?from=vacancy_search_list&query=python,None,None,None
Программист Python,https://lipetsk.hh.ru/vacancy/84074908?from=vacancy_search_list&query=python,None,None,None
Программист Python,https://lipetsk.hh.ru/vacancy/83028791?from=vacancy_search_list&query=python,60000,120000,₽
Back-end разработчик (Python),https://lipetsk.hh.ru/vacancy/83996029?from=vacancy_search_list&query=python,None,None,None
Python разработчик (Django),https://lipetsk.hh.ru/vacancy/83966648?from=vacancy_search_list&query=python,50000,90000,₽
Python-разработчик (команда VK Музыка),https://lipetsk.hh.ru/vacancy/83944753?from=vacancy_search_list&query=python,None,None,None
Разработчик Python,https://lipetsk.hh.ru/vacancy/82922513?from=vacancy_search_list&query=python,130000,None,₽
Программист Python,https://lipetsk.hh.ru/vacancy/83761018?from=vacancy_search_list&query=python,70000,None,₽
Junior Backend developer (Python),https://lipetsk.hh.ru/vacancy/83618124?from=vacancy_search_list&query=python,None,None,None
Python разработчик,https://lipetsk.hh.ru/vacancy/83735849?from=vacancy_search_list&query=python,None,None,None
Разработчик Python,https://lipetsk.hh.ru/vacancy/83703081?from=vacancy_search_list&query=python,None,None,None
Python программист (Наставник онлайн-курса по Python),https://lipetsk.hh.ru/vacancy/67864415?from=vacancy_search_list&query=python,80000,None,₽
Python-разработчик / Backend-разработчик,https://lipetsk.hh.ru/vacancy/82878651?from=vacancy_search_list&query=python,None,None,None
Backend Engineer,https://lipetsk.hh.ru/vacancy/83352670?from=vacancy_search_list&query=python,6000,None,$
Python Developer,https://lipetsk.hh.ru/vacancy/82859940?from=vacancy_search_list&query=python,None,None,None
Python developer (middle/middle+),https://lipetsk.hh.ru/vacancy/83948387?from=vacancy_search_list&query=python,None,None,None
Инженер-программист / Бэкенд-разработчик на Python,https://lipetsk.hh.ru/vacancy/70975727?from=vacancy_search_list&query=python,50000,None,₽
"Аналитик поисковых алгоритмов (SaaS, AI продукт)",https://lipetsk.hh.ru/vacancy/83169692?from=vacancy_search_list&query=python,60000,100000,₽
Python developer,https://lipetsk.hh.ru/vacancy/82924582?from=vacancy_search_list&query=python,None,None,None
Разработчик нейронных сетей (Computer Vision Engineer),https://lipetsk.hh.ru/vacancy/82931984?from=vacancy_search_list&query=python,None,None,None
Python Developer (Middle+),https://lipetsk.hh.ru/vacancy/84316363?from=vacancy_search_list&query=python,None,None,None
TechLead Python,https://lipetsk.hh.ru/vacancy/78365947?from=vacancy_search_list&query=python,None,None,None
Senior Python Developer,https://lipetsk.hh.ru/vacancy/83044427?from=vacancy_search_list&query=python,None,None,None
Разработчик (backend Python) middle/senior,https://lipetsk.hh.ru/vacancy/83689198?from=vacancy_search_list&query=python,None,None,None
Middle Python developer,https://lipetsk.hh.ru/vacancy/81115699?from=vacancy_search_list&query=python,None,None,None
Backend (Python) разработчик (middle и выше),https://lipetsk.hh.ru/vacancy/84327149?from=vacancy_search_list&query=python,None,None,None
Middle+ Data Engineer (Python),https://lipetsk.hh.ru/vacancy/78407263?from=vacancy_search_list&query=python,None,None,None
QA Engineer (Python),https://lipetsk.hh.ru/vacancy/84195810?from=vacancy_search_list&query=python,2000,4000,€
Backend программист (Python/Django) - Senior developer,https://lipetsk.hh.ru/vacancy/83312122?from=vacancy_search_list&query=python,140000,180000,₽
Senior Python Developer,https://lipetsk.hh.ru/vacancy/80803272?from=vacancy_search_list&query=python,350000,None,₽
Data Engineer,https://lipetsk.hh.ru/vacancy/82854999?from=vacancy_search_list&query=python,220000,None,₽
Data Analyst (Marketing),https://lipetsk.hh.ru/vacancy/83224714?from=vacancy_search_list&query=python,None,None,None
Middle+ Python developer,https://lipetsk.hh.ru/vacancy/83283018?from=vacancy_search_list&query=python,None,None,None
"Тестировщик / QA Engineer (Junior / Middle) / Java, Python, Javascript",https://lipetsk.hh.ru/vacancy/81852947?from=vacancy_search_list&query=python,None,None,None
Backend Team Lead (Python),https://lipetsk.hh.ru/vacancy/81382011?from=vacancy_search_list&query=python,None,None,None
"Наставник курса ""Мидл python-разработчик"" в Яндекс Практикум",https://lipetsk.hh.ru/vacancy/83636716?from=vacancy_search_list&query=python,None,None,None
Backend Team Lead (Python),https://lipetsk.hh.ru/vacancy/81488939?from=vacancy_search_list&query=python,None,None,None
Python/PHP разработчик,https://lipetsk.hh.ru/vacancy/84267185?from=vacancy_search_list&query=python,100000,None,₽
Data Engineer (аналитик больших данных),https://lipetsk.hh.ru/vacancy/83401071?from=vacancy_search_list&query=python,None,None,None
Data Scientist (Middle\Middle+),https://lipetsk.hh.ru/vacancy/83073814?from=vacancy_search_list&query=python,None,None,None
Data Scientist (CoreML + RecSys),https://lipetsk.hh.ru/vacancy/82791945?from=vacancy_search_list&query=python,None,None,None
Middle Python developer,https://lipetsk.hh.ru/vacancy/84246908?from=vacancy_search_list&query=python,None,None,None
Game Developer (Python/C++),https://lipetsk.hh.ru/vacancy/84122852?from=vacancy_search_list&query=python,None,None,None
Data Engineer,https://lipetsk.hh.ru/vacancy/81823582?from=vacancy_search_list&query=python,None,None,None
Data engineer / дата инженер,https://lipetsk.hh.ru/vacancy/84311296?from=vacancy_search_list&query=python,None,None,None
"Backend-разработчик (Django, OpenCart)",https://lipetsk.hh.ru/vacancy/83730806?from=vacancy_search_list&query=python,None,None,None
Аналитик данных / Data analyst,https://lipetsk.hh.ru/vacancy/80480784?from=vacancy_search_list&query=python,None,None,None
TechLead Python/Go,https://lipetsk.hh.ru/vacancy/84209357?from=vacancy_search_list&query=python,2000,2500,$
Data Scientist,https://lipetsk.hh.ru/vacancy/83709331?from=vacancy_search_list&query=python,None,None,None
"Код-ревьюер курса ""Мидл python-разработчик"" в Яндекс Практикум",https://lipetsk.hh.ru/vacancy/83636747?from=vacancy_search_list&query=python,None,None,None
Аналитик-стажер,https://lipetsk.hh.ru/vacancy/84026221?from=vacancy_search_list&query=python,None,None,None
TechLead Python/Go,https://lipetsk.hh.ru/vacancy/84209358?from=vacancy_search_list&query=python,2000,2500,$
Преподаватель учебного курса SysAdmin/DevOps,https://lipetsk.hh.ru/vacancy/83752977?from=vacancy_search_list&query=python,None,None,None
Специалист-математик (data science),https://lipetsk.hh.ru/vacancy/83273958?from=vacancy_search_list&query=python,60000,100000,₽
"QA Automation Engineer (сетевое оборудование, СВЧ, Python)",https://lipetsk.hh.ru/vacancy/82783708?from=vacancy_search_list&query=python,180000,None,₽
Геймдизайнер-аналитик на мобильную RTS,https://lipetsk.hh.ru/vacancy/84203149?from=vacancy_search_list&query=python,None,None,None
Data scientist,https://lipetsk.hh.ru/vacancy/83209990?from=vacancy_search_list&query=python,None,None,None
Ведущий инженер-программист / Бэкенд-разработчик на Python,https://lipetsk.hh.ru/vacancy/78867779?from=vacancy_search_list&query=python,90000,None,₽
Data инженер,https://lipetsk.hh.ru/vacancy/83746382?from=vacancy_search_list&query=python,350000,None,₽
Data аналитик / Big data,https://lipetsk.hh.ru/vacancy/83356212?from=vacancy_search_list&query=python,80000,250000,₽
Инженер по автоматизированному тестированию/QA Automation Engineer (Python),https://lipetsk.hh.ru/vacancy/78727424?from=vacancy_search_list&query=python,None,None,None
MLOps/ML engineer (Middle+),https://lipetsk.hh.ru/vacancy/81489493?from=vacancy_search_list&query=python,200000,280000,₽
Data Scientist,https://lipetsk.hh.ru/vacancy/84247779?from=vacancy_search_list&query=python,None,None,None
Старший программист-разработчик (Python/Django) / Senior back-end developer,https://lipetsk.hh.ru/vacancy/80002041?from=vacancy_search_list&query=python,200000,300000,₽
Lead AI Data Scientist,https://lipetsk.hh.ru/vacancy/84163197?from=vacancy_search_list&query=python,8000,None,$
Data Scientist (middle),https://lipetsk.hh.ru/vacancy/84327829?from=vacancy_search_list&query=python,None,None,None
Python Developer (автоматизация сетей передачи данных),https://lipetsk.hh.ru/vacancy/84258869?from=vacancy_search_list&query=python,None,None,None
Backend - разработчик (Middle or Middle+),https://lipetsk.hh.ru/vacancy/84305866?from=vacancy_search_list&query=python,None,None,None
Data Engineer,https://lipetsk.hh.ru/vacancy/83739942?from=vacancy_search_list&query=python,1000,2500,$
Fullstack Computer Vision Engineer (удаленно),https://lipetsk.hh.ru/vacancy/84057138?from=vacancy_search_list&query=python,150000,200000,₽
MLOps/ML engineer (Middle+),https://lipetsk.hh.ru/vacancy/81489494?from=vacancy_search_list&query=python,200000,280000,₽
ML-engineer / ML engineer,https://lipetsk.hh.ru/vacancy/83920230?from=vacancy_search_list&query=python,None,None,None
Программирующий математик (математическое моделирование).,https://lipetsk.hh.ru/vacancy/78198661?from=vacancy_search_list&query=python,None,None,None
AQA Engineer (Python) at 365Scores,https://lipetsk.hh.ru/vacancy/83352475?from=vacancy_search_list&query=python,None,None,None
TeamLead / руководитель команды разработки (Python),https://lipetsk.hh.ru/vacancy/84271785?from=vacancy_search_list&query=python,None,None,None
Senior OpenStack Python specialist,https://lipetsk.hh.ru/vacancy/84259264?from=vacancy_search_list&query=python,None,None,None
Data analyst,https://lipetsk.hh.ru/vacancy/82428329?from=vacancy_search_list&query=python,None,None,None
Middle/Senior Python Engineer,https://lipetsk.hh.ru/vacancy/83570495?from=vacancy_search_list&query=python,None,None,None
ML Разработчик NLP (MTS AI),https://lipetsk.hh.ru/vacancy/80651042?from=vacancy_search_list&query=python,None,None,None
Senior Python Developer,https://lipetsk.hh.ru/vacancy/81967651?from=vacancy_search_list&query=python,None,None,None
Тестировщик (Automation engineer Selenium),https://lipetsk.hh.ru/vacancy/83197841?from=vacancy_search_list&query=python,140000,None,₽
Senior OpenStack Python specialist,https://lipetsk.hh.ru/vacancy/84259110?from=vacancy_search_list&query=python,None,None,None
Data Analyst,https://lipetsk.hh.ru/vacancy/83156456?from=vacancy_search_list&query=python,None,None,None
Data Architect,https://lipetsk.hh.ru/vacancy/84249212?from=vacancy_search_list&query=python,1000,None,$
"Программист-разработчик (Воронеж, офис)",https://lipetsk.hh.ru/vacancy/83263782?from=vacancy_search_list&query=python,None,None,None
ML / NLP Engineer,https://lipetsk.hh.ru/vacancy/83353655?from=vacancy_search_list&query=python,None,None,None
Junior DevOps Engineer (Tatlin Flex),https://lipetsk.hh.ru/vacancy/84302953?from=vacancy_search_list&query=python,None,None,None
ML Engineer (Middle),https://lipetsk.hh.ru/vacancy/84248442?from=vacancy_search_list&query=python,None,None,None
Инженер-программист junior,https://lipetsk.hh.ru/vacancy/83800127?from=vacancy_search_list&query=python,110000,None,₽
Инженер-программист (Junior),https://lipetsk.hh.ru/vacancy/83019820?from=vacancy_search_list&query=python,75000,None,₽
Senior Python Developer,https://lipetsk.hh.ru/vacancy/81239359?from=vacancy_search_list&query=python,None,None,None
Преподаватель компьютерных курсов,https://lipetsk.hh.ru/vacancy/83560136?from=vacancy_search_list&query=python,35000,60000,₽
Аналитик данных,https://lipetsk.hh.ru/vacancy/84298770?from=vacancy_search_list&query=python,80000,None,₽
ML Developer NLP (речевая аналитика) MTS AI,https://lipetsk.hh.ru/vacancy/78034294?from=vacancy_search_list&query=python,None,None,None
Программист,https://lipetsk.hh.ru/vacancy/83542479?from=vacancy_search_list&query=python,250000,None,₽
Аналитик фида/Анти-фрод,https://lipetsk.hh.ru/vacancy/82982085?from=vacancy_search_list&query=python,60000,None,₽
Backend разработчик (Backend developer),https://lipetsk.hh.ru/vacancy/83993570?from=vacancy_search_list&query=python,70000,120000,₽
Senior / Middle+ QA Automation (python),https://lipetsk.hh.ru/vacancy/81754071?from=vacancy_search_list&query=python,None,None,None
Data Scientist Generative AI,https://lipetsk.hh.ru/vacancy/84086552?from=vacancy_search_list&query=python,None,None,None
Middle/Senior Python Developer,https://lipetsk.hh.ru/vacancy/82986913?from=vacancy_search_list&query=python,None,None,None
Ведущий Аналитик/Data scientis в консалтинг,https://lipetsk.hh.ru/vacancy/81644482?from=vacancy_search_list&query=python,90000,None,₽
Data Engineer,https://lipetsk.hh.ru/vacancy/83152339?from=vacancy_search_list&query=python,None,None,None
Инженер по автоматизации / DevOps инженер,https://lipetsk.hh.ru/vacancy/77087257?from=vacancy_search_list&query=python,70000,120000,₽
Преподаватель онлайн-курсов Python / Scratch / Геймдизайн для детей (групповые занятия),https://lipetsk.hh.ru/vacancy/78909743?from=vacancy_search_list&query=python,None,None,None
Преподаватель программирования для детей и подростков,https://lipetsk.hh.ru/vacancy/83350665?from=vacancy_search_list&query=python,200000,350000,₸
Data Analyst (senior),https://lipetsk.hh.ru/vacancy/80871654?from=vacancy_search_list&query=python,300000,None,₽
Веб-разработчик,https://lipetsk.hh.ru/vacancy/84085481?from=vacancy_search_list&query=python,150000,250000,₽
Инженер по автоматизации тестирования Python (MultiScanner),https://lipetsk.hh.ru/vacancy/84195733?from=vacancy_search_list&query=python,None,None,None
Data Engineer,https://lipetsk.hh.ru/vacancy/84276377?from=vacancy_search_list&query=python,None,None,None
"Педагог дополнительного образования ""Программирование на языке Python""",https://lipetsk.hh.ru/vacancy/84259849?from=vacancy_search_list&query=python,12000,35000,₽
Преподаватель программирования,https://lipetsk.hh.ru/vacancy/83911743?from=vacancy_search_list&query=python,25000,70000,₽
Ведущий разработчик Python (проект Цифровые двойники),https://lipetsk.hh.ru/vacancy/84040493?from=vacancy_search_list&query=python,None,None,None
DevOps-инженер,https://lipetsk.hh.ru/vacancy/82655140?from=vacancy_search_list&query=python,None,None,None
Data Scientist (middle/senior),https://lipetsk.hh.ru/vacancy/70163749?from=vacancy_search_list&query=python,450000,None,₽
Data Scientist (Predict),https://lipetsk.hh.ru/vacancy/84261146?from=vacancy_search_list&query=python,None,None,None
ETL Developer,https://lipetsk.hh.ru/vacancy/83961656?from=vacancy_search_list&query=python,None,None,None
Преподаватель онлайн-курсов Python / Scratch / Геймдизайн для детей (групповые занятия),https://lipetsk.hh.ru/vacancy/75800265?from=vacancy_search_list&query=python,None,None,None
Big Data Engineer,https://lipetsk.hh.ru/vacancy/83826388?from=vacancy_search_list&query=python,None,None,None
Devops Engineer,https://lipetsk.hh.ru/vacancy/77206724?from=vacancy_search_list&query=python,None,None,None
Преподаватель онлайн-курсов Python для детей (индивидуальные занятия),https://lipetsk.hh.ru/vacancy/84237991?from=vacancy_search_list&query=python,None,None,None
Преподаватель онлайн-курсов Python для детей (индивидуальные занятия),https://lipetsk.hh.ru/vacancy/84237992?from=vacancy_search_list&query=python,None,None,None
Преподаватель онлайн-курсов Python для детей (индивидуальные занятия),https://lipetsk.hh.ru/vacancy/84237996?from=vacancy_search_list&query=python,None,None,None
Senior Go / Python developer (инфраструктурная команда),https://lipetsk.hh.ru/vacancy/83613401?from=vacancy_search_list&query=python,None,None,None
Datascience Аналитик,https://lipetsk.hh.ru/vacancy/81724524?from=vacancy_search_list&query=python,None,None,None
Middle Data Scientist,https://lipetsk.hh.ru/vacancy/82761857?from=vacancy_search_list&query=python,None,None,None
Data engineer,https://lipetsk.hh.ru/vacancy/84103593?from=vacancy_search_list&query=python,None,None,None
DevOps инженер,https://lipetsk.hh.ru/vacancy/83413573?from=vacancy_search_list&query=python,250000,None,₽
Product Analyst,https://lipetsk.hh.ru/vacancy/79950921?from=vacancy_search_list&query=python,None,None,None
DevOps инженер,https://lipetsk.hh.ru/vacancy/75860545?from=vacancy_search_list&query=python,None,None,None
Middle/Senior Data Scientist Pricing,https://lipetsk.hh.ru/vacancy/83362318?from=vacancy_search_list&query=python,None,None,None
Data Scientist в команду поиска и рекомендаций,https://lipetsk.hh.ru/vacancy/84262396?from=vacancy_search_list&query=python,None,None,None
Data Scientist,https://lipetsk.hh.ru/vacancy/79720387?from=vacancy_search_list&query=python,None,None,None
Преподаватель в школу программирования Алгоритмика,https://lipetsk.hh.ru/vacancy/83923371?from=vacancy_search_list&query=python,None,None,None
"Data Engineer, Качество поиска",https://lipetsk.hh.ru/vacancy/84048817?from=vacancy_search_list&query=python,None,None,None
Data Engineer,https://lipetsk.hh.ru/vacancy/72312345?from=vacancy_search_list&query=python,400000,None,₽
Data Engineer (Платформа данных),https://lipetsk.hh.ru/vacancy/84267257?from=vacancy_search_list&query=python,None,None,None
Спикер онлайн курсов по программированию,https://lipetsk.hh.ru/vacancy/80234315?from=vacancy_search_list&query=python,30000,150000,₽
SRE/DevOps Engineer (Highload),https://lipetsk.hh.ru/vacancy/84267864?from=vacancy_search_list&query=python,200000,600000,₽
Application Security инженер (практика SAST),https://lipetsk.hh.ru/vacancy/83432593?from=vacancy_search_list&query=python,None,None,None
Инженер DevOPS,https://lipetsk.hh.ru/vacancy/83083094?from=vacancy_search_list&query=python,None,None,None
Backend Developer,https://lipetsk.hh.ru/vacancy/82075672?from=vacancy_search_list&query=python,80000,120000,₽
Game Analyst (Product Analyst),https://lipetsk.hh.ru/vacancy/84056253?from=vacancy_search_list&query=python,None,None,None
Junior Build Engineer,https://lipetsk.hh.ru/vacancy/79058878?from=vacancy_search_list&query=python,None,None,None
Team Lead Python,https://lipetsk.hh.ru/vacancy/83208896?from=vacancy_search_list&query=python,None,None,None
Data Engineer - Market Data,https://lipetsk.hh.ru/vacancy/84286814?from=vacancy_search_list&query=python,4000,None,€
Machine Learning Engineer,https://lipetsk.hh.ru/vacancy/83579880?from=vacancy_search_list&query=python,None,None,None
Senior Data Analyst,https://lipetsk.hh.ru/vacancy/82634753?from=vacancy_search_list&query=python,None,None,None
Data analyst / Data Scientist,https://lipetsk.hh.ru/vacancy/84294782?from=vacancy_search_list&query=python,None,None,None
Data Scientist,https://lipetsk.hh.ru/vacancy/83611254?from=vacancy_search_list&query=python,300000,350000,₽
Backend Developer,https://lipetsk.hh.ru/vacancy/82075673?from=vacancy_search_list&query=python,80000,120000,₽
Senior Python Backend Developer (to Cyprus),https://lipetsk.hh.ru/vacancy/80255405?from=vacancy_search_list&query=python,None,None,None
Преподаватель по IT в школу программирования Алгоритмика,https://lipetsk.hh.ru/vacancy/84325249?from=vacancy_search_list&query=python,None,None,None
DevOps инженер,https://lipetsk.hh.ru/vacancy/83565773?from=vacancy_search_list&query=python,None,None,None
Инженер-программист С/С++,https://lipetsk.hh.ru/vacancy/83197368?from=vacancy_search_list&query=python,None,None,None
Аналитик данных / Системный аналитик / Data Analyst (e-commerce),https://lipetsk.hh.ru/vacancy/83700451?from=vacancy_search_list&query=python,100000,150000,₽
Data Engineer (Senior),https://lipetsk.hh.ru/vacancy/84101474?from=vacancy_search_list&query=python,None,None,None
Бизнес-аналитик (Продукты на данных),https://lipetsk.hh.ru/vacancy/84210458?from=vacancy_search_list&query=python,None,None,None
"Reverse Engineer / программист assembler, C",https://lipetsk.hh.ru/vacancy/84127049?from=vacancy_search_list&query=python,200000,None,₽
DevOps инженер,https://lipetsk.hh.ru/vacancy/84080461?from=vacancy_search_list&query=python,120000,None,₽
Data Engineer (Jun\Mid),https://lipetsk.hh.ru/vacancy/82964765?from=vacancy_search_list&query=python,None,None,None
Пентестер (Специалист по тестированию на проникновение),https://lipetsk.hh.ru/vacancy/83783972?from=vacancy_search_list&query=python,5000,6000,$
Разработчик python (Middle/Senior/Lead),https://lipetsk.hh.ru/vacancy/84112326?from=vacancy_search_list&query=python,None,None,None
Инженер по автоматизированному тестированию,https://lipetsk.hh.ru/vacancy/79160064?from=vacancy_search_list&query=python,110000,160000,₽
Руководитель отдела аналитики и управления данными (TeamLead Data Scientist),https://lipetsk.hh.ru/vacancy/84215163?from=vacancy_search_list&query=python,None,None,None
Аналитик,https://lipetsk.hh.ru/vacancy/83370719?from=vacancy_search_list&query=python,None,None,None
Аналитик-разработчик,https://lipetsk.hh.ru/vacancy/84218247?from=vacancy_search_list&query=python,None,None,None
QA Automation / Тестировщик-автоматизатор,https://lipetsk.hh.ru/vacancy/83922474?from=vacancy_search_list&query=python,3000,5400,r
Data Engineer,https://lipetsk.hh.ru/vacancy/84269369?from=vacancy_search_list&query=python,None,None,None
DWH-developer,https://lipetsk.hh.ru/vacancy/82916499?from=vacancy_search_list&query=python,250000,None,₽
Аналитик данных,https://lipetsk.hh.ru/vacancy/84275229?from=vacancy_search_list&query=python,None,None,None
Инженер-разработчик / Developing Engineer,https://lipetsk.hh.ru/vacancy/84172225?from=vacancy_search_list&query=python,None,None,None
Lead SecOps (Middle+/Senior),https://lipetsk.hh.ru/vacancy/84202558?from=vacancy_search_list&query=python,150000,300000,₽
DevOps инженер,https://lipetsk.hh.ru/vacancy/83965642?from=vacancy_search_list&query=python,230000,None,₽
Старший Data Scientist в команду поиска и рекомендаций,https://lipetsk.hh.ru/vacancy/84261597?from=vacancy_search_list&query=python,None,None,None
Senior Data engineer,https://lipetsk.hh.ru/vacancy/83577419?from=vacancy_search_list&query=python,None,None,None
Senior Аnalyst,https://lipetsk.hh.ru/vacancy/83570126?from=vacancy_search_list&query=python,None,None,None
Системный аналитик (Data&AI),https://lipetsk.hh.ru/vacancy/79909924?from=vacancy_search_list&query=python,None,None,None
Аналитик,https://lipetsk.hh.ru/vacancy/83769218?from=vacancy_search_list&query=python,None,None,None
Senior QA Auto [Python],https://lipetsk.hh.ru/vacancy/84327887?from=vacancy_search_list&query=python,None,None,None
Game analyst,https://lipetsk.hh.ru/vacancy/81659059?from=vacancy_search_list&query=python,None,None,None
Research Developer (Performance Analysis - Windows),https://lipetsk.hh.ru/vacancy/76225190?from=vacancy_search_list&query=python,None,None,None
Аналитик данных,https://lipetsk.hh.ru/vacancy/84283901?from=vacancy_search_list&query=python,160000,180000,₽
Game Analyst / Продуктовый аналитик (GameDev),https://lipetsk.hh.ru/vacancy/83411561?from=vacancy_search_list&query=python,2000,None,€
Инженер ИБ (внедрение и сопровождение Siem),https://lipetsk.hh.ru/vacancy/84021513?from=vacancy_search_list&query=python,140000,220000,₽
Data Engineer,https://lipetsk.hh.ru/vacancy/82445553?from=vacancy_search_list&query=python,None,None,None
Server Developer (Tanks Blitz),https://lipetsk.hh.ru/vacancy/83932580?from=vacancy_search_list&query=python,None,None,None
Старший ML-разработчик в службу исследований машинного обучения Поиска,https://lipetsk.hh.ru/vacancy/81397148?from=vacancy_search_list&query=python,None,None,None
Разработчик на С под Linux (Data Plane),https://lipetsk.hh.ru/vacancy/81655255?from=vacancy_search_list&query=python,None,None,None
DevOps инженер,https://lipetsk.hh.ru/vacancy/83232532?from=vacancy_search_list&query=python,None,None,None
Game Product Analyst,https://lipetsk.hh.ru/vacancy/84172666?from=vacancy_search_list&query=python,None,None,None
Machine Learning Engineer / Machine Learning Ops Engineer,https://lipetsk.hh.ru/vacancy/84270079?from=vacancy_search_list&query=python,None,None,None
Junior Data Analyst,https://lipetsk.hh.ru/vacancy/84288887?from=vacancy_search_list&query=python,None,None,None
Senior/Lead ML Engineer,https://lipetsk.hh.ru/vacancy/84020846?from=vacancy_search_list&query=python,None,None,None
Системный администратор веб-серверов Linux,https://lipetsk.hh.ru/vacancy/84076609?from=vacancy_search_list&query=python,60000,70000,₽
DevOps Инженер / Системный администратор (SRE),https://lipetsk.hh.ru/vacancy/83346093?from=vacancy_search_list&query=python,120000,None,₽
Data Engineer,https://lipetsk.hh.ru/vacancy/82929434?from=vacancy_search_list&query=python,None,None,None
Middle programmer Python,https://lipetsk.hh.ru/vacancy/84209735?from=vacancy_search_list&query=python,1200,1500,$
Аналитик качества данных,https://lipetsk.hh.ru/vacancy/83217372?from=vacancy_search_list&query=python,None,None,None
FastApi Разработчик,https://lipetsk.hh.ru/vacancy/84225328?from=vacancy_search_list&query=python,None,None,None
Аналитик,https://lipetsk.hh.ru/vacancy/83688312?from=vacancy_search_list&query=python,160000,200000,₽
QA Automation Engineer,https://lipetsk.hh.ru/vacancy/83233768?from=vacancy_search_list&query=python,None,None,None
Разработчик машинного обучения в Алису,https://lipetsk.hh.ru/vacancy/81397142?from=vacancy_search_list&query=python,None,None,None
Инженер по автоматическому тестированию,https://lipetsk.hh.ru/vacancy/82936910?from=vacancy_search_list&query=python,120000,None,₽
Data engineer,https://lipetsk.hh.ru/vacancy/83778048?from=vacancy_search_list&query=python,None,None,None
"Data engineer/Backend-разработчик (Senior, Data Team)",https://lipetsk.hh.ru/vacancy/83775166?from=vacancy_search_list&query=python,None,None,None
Аналитик данных,https://lipetsk.hh.ru/vacancy/83644453?from=vacancy_search_list&query=python,40000,80000,₽
Computer Vision Engineer,https://lipetsk.hh.ru/vacancy/83644206?from=vacancy_search_list&query=python,None,None,None
Data engineer,https://lipetsk.hh.ru/vacancy/80655380?from=vacancy_search_list&query=python,None,None,None
Аналитик данных,https://lipetsk.hh.ru/vacancy/83039759?from=vacancy_search_list&query=python,None,None,None
Web-разработчик,https://lipetsk.hh.ru/vacancy/84084782?from=vacancy_search_list&query=python,None,None,None
Senior Data Scientist,https://lipetsk.hh.ru/vacancy/83076435?from=vacancy_search_list&query=python,None,None,None
DevOps-Инженер (ЦЕХ),https://lipetsk.hh.ru/vacancy/84323324?from=vacancy_search_list&query=python,None,None,None
Тестировщик ПО автотестирование,https://lipetsk.hh.ru/vacancy/82045980?from=vacancy_search_list&query=python,150000,None,₽
Middle fullstack QA-инженер,https://lipetsk.hh.ru/vacancy/83947333?from=vacancy_search_list&query=python,None,None,None
Учитель по информатике (программист),https://lipetsk.hh.ru/vacancy/83192146?from=vacancy_search_list&query=python,70000,100000,₽
Product Analyst,https://lipetsk.hh.ru/vacancy/82400624?from=vacancy_search_list&query=python,1500,3000,$
Full-stack разработчик,https://lipetsk.hh.ru/vacancy/83131570?from=vacancy_search_list&query=python,None,None,None
Инженер-программист,https://lipetsk.hh.ru/vacancy/84309529?from=vacancy_search_list&query=python,None,None,None
DevOps engineer,https://lipetsk.hh.ru/vacancy/82991622?from=vacancy_search_list&query=python,None,None,None
Data Engineer,https://lipetsk.hh.ru/vacancy/81722848?from=vacancy_search_list&query=python,200000,None,₽
DevOps-инженер,https://lipetsk.hh.ru/vacancy/83240303?from=vacancy_search_list&query=python,200000,None,₽
Data Scientist (модели кредитного риска),https://lipetsk.hh.ru/vacancy/79466929?from=vacancy_search_list&query=python,None,None,None
Ведущий разрабoтчик (Senior Back-End Developer),https://lipetsk.hh.ru/vacancy/83082958?from=vacancy_search_list&query=python,None,None,None
Ведущий разработчик (Senior Back-End Developer),https://lipetsk.hh.ru/vacancy/82996938?from=vacancy_search_list&query=python,None,None,None
Junior Backend Developer,https://lipetsk.hh.ru/vacancy/84326638?from=vacancy_search_list&query=python,None,None,None
SQL (DWH) разработчик,https://lipetsk.hh.ru/vacancy/83784004?from=vacancy_search_list&query=python,None,None,None
Full stack Developer (Junior+),https://lipetsk.hh.ru/vacancy/83669431?from=vacancy_search_list&query=python,80000,120000,₽
Data engineer / Инженер по работе с базами данных,https://lipetsk.hh.ru/vacancy/82990767?from=vacancy_search_list&query=python,None,None,None
Team Lead Fullstack Developer,https://lipetsk.hh.ru/vacancy/83940324?from=vacancy_search_list&query=python,None,None,None
Системный администратор Linux (DevOps engineer),https://lipetsk.hh.ru/vacancy/83242194?from=vacancy_search_list&query=python,None,None,None
Преподаватель по программированию,https://lipetsk.hh.ru/vacancy/83836408?from=vacancy_search_list&query=python,10000,None,₽
Middle Automation QA Engineer,https://lipetsk.hh.ru/vacancy/83395531?from=vacancy_search_list&query=python,115000,210000,₽
Chief ML Scientist,https://lipetsk.hh.ru/vacancy/83160877?from=vacancy_search_list&query=python,None,None,None
Младший бизнес-аналитик / Business Analyst Junior,https://lipetsk.hh.ru/vacancy/83450998?from=vacancy_search_list&query=python,54000,None,₽
DevOps Инженер/Системный администратор (SRE),https://lipetsk.hh.ru/vacancy/83346073?from=vacancy_search_list&query=python,120000,None,₽
Системный администратор Linux,https://lipetsk.hh.ru/vacancy/80443569?from=vacancy_search_list&query=python,200000,None,₽
Data Engineer,https://lipetsk.hh.ru/vacancy/81941883?from=vacancy_search_list&query=python,None,None,None
Бизнес-аналитик (remote),https://lipetsk.hh.ru/vacancy/83276112?from=vacancy_search_list&query=python,None,None,None
Product Analyst,https://lipetsk.hh.ru/vacancy/78937718?from=vacancy_search_list&query=python,200000,None,₽
SRE / DevOps engineer,https://lipetsk.hh.ru/vacancy/83158404?from=vacancy_search_list&query=python,200000,300000,₽
Преподаватель компьютерных курсов,https://lipetsk.hh.ru/vacancy/83938301?from=vacancy_search_list&query=python,None,None,None
Automation QA Specialist,https://lipetsk.hh.ru/vacancy/80367786?from=vacancy_search_list&query=python,None,None,None
Middle fullstack QA-инженер (backend),https://lipetsk.hh.ru/vacancy/83621701?from=vacancy_search_list&query=python,None,None,None
DevOps-инженер,https://lipetsk.hh.ru/vacancy/75894761?from=vacancy_search_list&query=python,None,None,None
DevOps инженер,https://lipetsk.hh.ru/vacancy/82904184?from=vacancy_search_list&query=python,None,None,None
Product Game Analyst,https://lipetsk.hh.ru/vacancy/83646605?from=vacancy_search_list&query=python,None,None,None
Инженер по внедрению телекоммуникационного биллинга (удаленно),https://lipetsk.hh.ru/vacancy/84135013?from=vacancy_search_list&query=python,195000,None,₽
Аналитик данных в Data Office,https://lipetsk.hh.ru/vacancy/78632808?from=vacancy_search_list&query=python,None,None,None
Разработчик NodeJS,https://lipetsk.hh.ru/vacancy/83760123?from=vacancy_search_list&query=python,80000,150000,₽
"Специалист Технической поддержки (Системный администратор Linux, удалённо)",https://lipetsk.hh.ru/vacancy/83263596?from=vacancy_search_list&query=python,40000,50000,₽
Преподаватель онлайн-курсов Python / Scratch / Геймдизайн для детей (групповые занятия),https://lipetsk.hh.ru/vacancy/83447623?from=vacancy_search_list&query=python,None,None,None
Спикер на курс «Data Engineer»,https://lipetsk.hh.ru/vacancy/84271404?from=vacancy_search_list&query=python,None,None,None
Специалист технической поддержки (junior DevOps),https://lipetsk.hh.ru/vacancy/82994581?from=vacancy_search_list&query=python,40000,80000,₽
CV-разработчик,https://lipetsk.hh.ru/vacancy/84276216?from=vacancy_search_list&query=python,200000,250000,₽
DevOps Engineer/Системный инженер (Екатеринбург),https://lipetsk.hh.ru/vacancy/81036271?from=vacancy_search_list&query=python,None,None,None
Junior C++ Builder программист (разработчик),https://lipetsk.hh.ru/vacancy/83199938?from=vacancy_search_list&query=python,50000,None,₽
Разработчик Low-code Управления информационных технологий,https://lipetsk.hh.ru/vacancy/83981262?from=vacancy_search_list&query=python,100000,None,₽
DevOps (FinTech) || Remote,https://lipetsk.hh.ru/vacancy/83509098?from=vacancy_search_list&query=python,None,None,None
DevOps middle+,https://lipetsk.hh.ru/vacancy/81674860?from=vacancy_search_list&query=python,None,None,None
Инженер Linux-систем,https://lipetsk.hh.ru/vacancy/83661679?from=vacancy_search_list&query=python,80000,None,₽
Инженер внедрения и сопровождения программного обеспечения,https://lipetsk.hh.ru/vacancy/84038009?from=vacancy_search_list&query=python,150000,200000,₽
ML-разработчик в группу международного синтеза речи,https://lipetsk.hh.ru/vacancy/81397132?from=vacancy_search_list&query=python,None,None,None
Системный администратор,https://lipetsk.hh.ru/vacancy/83454146?from=vacancy_search_list&query=python,None,None,None
Разработчик SQL,https://lipetsk.hh.ru/vacancy/83110948?from=vacancy_search_list&query=python,None,None,None
Rust developer,https://lipetsk.hh.ru/vacancy/84289456?from=vacancy_search_list&query=python,None,None,None
Преподаватель IT-дисциплин,https://lipetsk.hh.ru/vacancy/83798188?from=vacancy_search_list&query=python,None,None,None
Ведущий Web-аналитик,https://lipetsk.hh.ru/vacancy/82252801?from=vacancy_search_list&query=python,250000,None,₽
Data Engineer,https://lipetsk.hh.ru/vacancy/82902035?from=vacancy_search_list&query=python,240000,None,₽
Преподаватель информатики,https://lipetsk.hh.ru/vacancy/84279993?from=vacancy_search_list&query=python,20000,30000,₽
QA Automation (Лента Онлайн),https://lipetsk.hh.ru/vacancy/82041347?from=vacancy_search_list&query=python,None,None,None
Аналитик информационной безопасности,https://lipetsk.hh.ru/vacancy/80085528?from=vacancy_search_list&query=python,None,None,None
Инженер систем мониторинга Zabbix / Администратор Linux,https://lipetsk.hh.ru/vacancy/79090677?from=vacancy_search_list&query=python,None,None,None
QA engineer,https://lipetsk.hh.ru/vacancy/81041539?from=vacancy_search_list&query=python,None,None,None
Разработчик баз данных (PostgreSQL),https://lipetsk.hh.ru/vacancy/71825078?from=vacancy_search_list&query=python,160000,160000,₽
"Программист на Си, Linux разработчик",https://lipetsk.hh.ru/vacancy/84083794?from=vacancy_search_list&query=python,80000,120000,₽
DevOps-engineer,https://lipetsk.hh.ru/vacancy/84325682?from=vacancy_search_list&query=python,None,None,None
Data Engineer,https://lipetsk.hh.ru/vacancy/84212329?from=vacancy_search_list&query=python,None,None,None
Преподаватель компьютерных курсов,https://lipetsk.hh.ru/vacancy/83345841?from=vacancy_search_list&query=python,None,None,None
Аналитик в команду внедрения голосовых роботов,https://lipetsk.hh.ru/vacancy/82968319?from=vacancy_search_list&query=python,None,None,None
Инженер по автоматизированному тестированию (Java),https://lipetsk.hh.ru/vacancy/84292001?from=vacancy_search_list&query=python,180000,None,₽
DevOps Engineer,https://lipetsk.hh.ru/vacancy/83438442?from=vacancy_search_list&query=python,None,None,None
Senior QA Automation Engineer (Python),https://lipetsk.hh.ru/vacancy/80255515?from=vacancy_search_list&query=python,None,None,None
Продуктовый веб аналитик (Удаленно),https://lipetsk.hh.ru/vacancy/80474159?from=vacancy_search_list&query=python,130000,None,₽
SRE-инженер в проект Okmeter,https://lipetsk.hh.ru/vacancy/83459775?from=vacancy_search_list&query=python,None,None,None
Аналитик данных,https://lipetsk.hh.ru/vacancy/84262225?from=vacancy_search_list&query=python,None,None,None
Системный администратор Linux,https://lipetsk.hh.ru/vacancy/82898907?from=vacancy_search_list&query=python,None,None,None
Программист С/С++ (Linux),https://lipetsk.hh.ru/vacancy/84067361?from=vacancy_search_list&query=python,150000,None,₽
Продуктовый аналитик,https://lipetsk.hh.ru/vacancy/80966011?from=vacancy_search_list&query=python,None,None,None
Middle fullstack QA-инженер,https://lipetsk.hh.ru/vacancy/83947570?from=vacancy_search_list&query=python,None,None,None
Data Engineer (ОФИС),https://lipetsk.hh.ru/vacancy/83684240?from=vacancy_search_list&query=python,150000,None,₽
Product Analyst,https://lipetsk.hh.ru/vacancy/83621137?from=vacancy_search_list&query=python,None,None,None
Системный администратор Linux (DevOps инженер),https://lipetsk.hh.ru/vacancy/82567398?from=vacancy_search_list&query=python,None,None,None
Аналитик информационной безопасности,https://lipetsk.hh.ru/vacancy/80086093?from=vacancy_search_list&query=python,None,None,None
DocOps engineer,https://lipetsk.hh.ru/vacancy/84304505?from=vacancy_search_list&query=python,None,None,None
Site Reliability Engineer (SRE) / DevOps,https://lipetsk.hh.ru/vacancy/83037197?from=vacancy_search_list&query=python,370000,400000,₽
Senior Python Разработчик,https://lipetsk.hh.ru/vacancy/82013340?from=vacancy_search_list&query=python,None,None,None
Инженер Linux / DevOps,https://lipetsk.hh.ru/vacancy/80161074?from=vacancy_search_list&query=python,65000,115000,₽
Senior DevSecOps Engineer,https://lipetsk.hh.ru/vacancy/82655794?from=vacancy_search_list&query=python,None,None,None
Аналитик данных в команду Авито Услуг,https://lipetsk.hh.ru/vacancy/84263333?from=vacancy_search_list&query=python,None,None,None
Lead data scientist (Анализ цены и Trade in),https://lipetsk.hh.ru/vacancy/76954383?from=vacancy_search_list&query=python,None,None,None
Junior Trader,https://lipetsk.hh.ru/vacancy/83136847?from=vacancy_search_list&query=python,None,None,None
Инженер внедрения (DevOps),https://lipetsk.hh.ru/vacancy/67669337?from=vacancy_search_list&query=python,None,None,None
DevOps engineer (Платформа BI),https://lipetsk.hh.ru/vacancy/83807067?from=vacancy_search_list&query=python,None,None,None
Аналитик данных / Data Analyst,https://lipetsk.hh.ru/vacancy/84269825?from=vacancy_search_list&query=python,None,None,None
Data engineer (scala),https://lipetsk.hh.ru/vacancy/84325140?from=vacancy_search_list&query=python,None,None,None
DevOps Инженер,https://lipetsk.hh.ru/vacancy/83108491?from=vacancy_search_list&query=python,None,None,None
LUA-разработчик (MTA),https://lipetsk.hh.ru/vacancy/84321355?from=vacancy_search_list&query=python,None,None,None
Программист Raspberry Pi / Orange Pi,https://lipetsk.hh.ru/vacancy/83387528?from=vacancy_search_list&query=python,None,None,None
Инженер внедрения,https://lipetsk.hh.ru/vacancy/83679671?from=vacancy_search_list&query=python,None,None,None
DevOps-инженер,https://lipetsk.hh.ru/vacancy/83928892?from=vacancy_search_list&query=python,200000,None,₽
Инженер Voip,https://lipetsk.hh.ru/vacancy/83178304?from=vacancy_search_list&query=python,150000,None,₽
Release/DevOps Engineer,https://lipetsk.hh.ru/vacancy/83303039?from=vacancy_search_list&query=python,4000,5500,€
Продуктовый/data-аналитик мобильного приложения,https://lipetsk.hh.ru/vacancy/84268971?from=vacancy_search_list&query=python,None,None,None
QA\администратор БД и Linux,https://lipetsk.hh.ru/vacancy/84246384?from=vacancy_search_list&query=python,None,None,None
QA automation engineer,https://lipetsk.hh.ru/vacancy/81527583?from=vacancy_search_list&query=python,None,None,None
Developer C++ (СХД),https://lipetsk.hh.ru/vacancy/83026444?from=vacancy_search_list&query=python,None,None,None
DevOps / SRE инженер,https://lipetsk.hh.ru/vacancy/82046345?from=vacancy_search_list&query=python,None,None,None
QA - инженер,https://lipetsk.hh.ru/vacancy/79840171?from=vacancy_search_list&query=python,None,None,None
DevOps инженер,https://lipetsk.hh.ru/vacancy/77819712?from=vacancy_search_list&query=python,None,None,None
Data Analyst,https://lipetsk.hh.ru/vacancy/84317990?from=vacancy_search_list&query=python,None,None,None
Инженер-аналитик,https://lipetsk.hh.ru/vacancy/84246764?from=vacancy_search_list&query=python,None,None,None
Аналитик данных,https://lipetsk.hh.ru/vacancy/82934791?from=vacancy_search_list&query=python,None,None,None
Системный администратор,https://lipetsk.hh.ru/vacancy/81837643?from=vacancy_search_list&query=python,None,None,None
QA - инженер,https://lipetsk.hh.ru/vacancy/79840170?from=vacancy_search_list&query=python,None,None,None
Аналитик данных,https://lipetsk.hh.ru/vacancy/84261153?from=vacancy_search_list&query=python,None,None,None
Ассистент аналитика по операционному мониторингу,https://lipetsk.hh.ru/vacancy/82900966?from=vacancy_search_list&query=python,40000,55000,₽
Аналитик данных (департамент маркетинга),https://lipetsk.hh.ru/vacancy/81951769?from=vacancy_search_list&query=python,120000,None,₽
Product Analyst,https://lipetsk.hh.ru/vacancy/83621168?from=vacancy_search_list&query=python,None,None,None
Программист инструментария / Game Tools Developer,https://lipetsk.hh.ru/vacancy/68381561?from=vacancy_search_list&query=python,None,None,None
Senior Server Developer (Tanks Blitz),https://lipetsk.hh.ru/vacancy/82844142?from=vacancy_search_list&query=python,None,None,None
Go Developer (команда Mobile Big Data),https://lipetsk.hh.ru/vacancy/83163593?from=vacancy_search_list&query=python,None,None,None
DocOps engineer,https://lipetsk.hh.ru/vacancy/84304462?from=vacancy_search_list&query=python,None,None,None
Инженер-программист,https://lipetsk.hh.ru/vacancy/84078505?from=vacancy_search_list&query=python,80000,120000,₽
Инженер DevOps,https://lipetsk.hh.ru/vacancy/55002569?from=vacancy_search_list&query=python,None,None,None
DevOps инженер,https://lipetsk.hh.ru/vacancy/81061655?from=vacancy_search_list&query=python,None,None,None
Go Tech/Team Lead,https://lipetsk.hh.ru/vacancy/83704441?from=vacancy_search_list&query=python,None,None,None
SRE Engineer (Linux Infrastructure Development),https://lipetsk.hh.ru/vacancy/83448977?from=vacancy_search_list&query=python,None,None,None
ML-инженер,https://lipetsk.hh.ru/vacancy/77923306?from=vacancy_search_list&query=python,None,None,None
Middle Дата Аналитик в RecSys Platform (Big Data),https://lipetsk.hh.ru/vacancy/84321769?from=vacancy_search_list&query=python,None,None,None
Администратор BigData/DevOps Engineer BigData,https://lipetsk.hh.ru/vacancy/84208334?from=vacancy_search_list&query=python,None,None,None
Senior Python Developer,https://lipetsk.hh.ru/vacancy/81239381?from=vacancy_search_list&query=python,None,None,None
"Руководитель направления ""Прогнозирование"" (Data Science Team Lead)",https://lipetsk.hh.ru/vacancy/81767496?from=vacancy_search_list&query=python,None,None,None
Аналитик данных,https://lipetsk.hh.ru/vacancy/83221914?from=vacancy_search_list&query=python,40000,None,₽
Data Partner Finance/Operation,https://lipetsk.hh.ru/vacancy/83774277?from=vacancy_search_list&query=python,None,None,None
Lead DevOps Engineer,https://lipetsk.hh.ru/vacancy/83826820?from=vacancy_search_list&query=python,300000,None,₽
Специалист по математической оптимизации,https://lipetsk.hh.ru/vacancy/78888356?from=vacancy_search_list&query=python,350000,None,₽
Инженер-разработчик ASIC,https://lipetsk.hh.ru/vacancy/50528384?from=vacancy_search_list&query=python,None,None,None
Аналитик данных,https://lipetsk.hh.ru/vacancy/84324244?from=vacancy_search_list&query=python,None,None,None
Инженер по техподдержке телекоммуникационного биллинга,https://lipetsk.hh.ru/vacancy/83503758?from=vacancy_search_list&query=python,195000,None,₽
Продуктовый аналитик,https://lipetsk.hh.ru/vacancy/83053957?from=vacancy_search_list&query=python,None,None,None
Ведущий продуктовый аналитик / Senior product analyst,https://lipetsk.hh.ru/vacancy/84104326?from=vacancy_search_list&query=python,None,None,None
Инженер технической поддержки Linux,https://lipetsk.hh.ru/vacancy/83772539?from=vacancy_search_list&query=python,100000,None,₽
DevOps Engineer,https://lipetsk.hh.ru/vacancy/84204657?from=vacancy_search_list&query=python,None,None,None
Инженер-программист (Embedded-разработчик),https://lipetsk.hh.ru/vacancy/84012353?from=vacancy_search_list&query=python,None,None,None
DevOps Engineer,https://lipetsk.hh.ru/vacancy/82963328?from=vacancy_search_list&query=python,None,None,None
Senior Python Developer,https://lipetsk.hh.ru/vacancy/81239398?from=vacancy_search_list&query=python,None,None,None
Analyst (Junior) / Младший аналитик,https://lipetsk.hh.ru/vacancy/83964721?from=vacancy_search_list&query=python,None,None,None
Tools Programmer C++ (Мир танков),https://lipetsk.hh.ru/vacancy/80491217?from=vacancy_search_list&query=python,None,None,None
Преподаватель информатики и программирования,https://lipetsk.hh.ru/vacancy/84223038?from=vacancy_search_list&query=python,None,None,None
Преподаватель математики и информатики в IT колледж,https://lipetsk.hh.ru/vacancy/84071241?from=vacancy_search_list&query=python,None,None,None
BI Аналитик,https://lipetsk.hh.ru/vacancy/83044892?from=vacancy_search_list&query=python,150000,200000,₽
Администратор BigData/DevOps Engineer BigData,https://lipetsk.hh.ru/vacancy/84208332?from=vacancy_search_list&query=python,None,None,None
DevOps/Senior DevOps/Руководитель практики DevOps/DevSecOps,https://lipetsk.hh.ru/vacancy/82997274?from=vacancy_search_list&query=python,None,None,None
QA инженер (Python),https://lipetsk.hh.ru/vacancy/84208100?from=vacancy_search_list&query=python,None,None,None
Системный инженер (ELK стек),https://lipetsk.hh.ru/vacancy/84272504?from=vacancy_search_list&query=python,160000,280000,₽
Go-разработчик (middle),https://lipetsk.hh.ru/vacancy/82995496?from=vacancy_search_list&query=python,None,None,None
Веб-аналитик в команду перфоманс маркетинга,https://lipetsk.hh.ru/vacancy/83299322?from=vacancy_search_list&query=python,90000,None,₽
"Программист / разработчик (SQL, PostgreSQL, Firebird)",https://lipetsk.hh.ru/vacancy/76478359?from=vacancy_search_list&query=python,80000,None,₽
DevOps-инженер (remote),https://lipetsk.hh.ru/vacancy/83157743?from=vacancy_search_list&query=python,None,None,None
Преподаватель по программированию Python,https://lipetsk.hh.ru/vacancy/83987750?from=vacancy_search_list&query=python,131000,None,₽
Инженер программист C/C++ (Linux Embedded),https://lipetsk.hh.ru/vacancy/84038422?from=vacancy_search_list&query=python,180000,None,₽
Senior ML Engineer (Generative AI),https://lipetsk.hh.ru/vacancy/82953163?from=vacancy_search_list&query=python,None,None,None
Программист,https://lipetsk.hh.ru/vacancy/83152994?from=vacancy_search_list&query=python,None,None,None
Инженер систем мониторинга,https://lipetsk.hh.ru/vacancy/77216367?from=vacancy_search_list&query=python,None,None,None
Senior analyst,https://lipetsk.hh.ru/vacancy/82780796?from=vacancy_search_list&query=python,None,None,None
Сетевой инженер,https://lipetsk.hh.ru/vacancy/83015449?from=vacancy_search_list&query=python,140000,None,₽
Product Analyst (Mobility Cluster),https://lipetsk.hh.ru/vacancy/83436631?from=vacancy_search_list&query=python,None,None,None
ML-инженер,https://lipetsk.hh.ru/vacancy/77923233?from=vacancy_search_list&query=python,None,None,None
DevOps-инженер,https://lipetsk.hh.ru/vacancy/83282531?from=vacancy_search_list&query=python,None,None,None
Product Analyst,https://lipetsk.hh.ru/vacancy/79227892?from=vacancy_search_list&query=python,None,None,None
Системный аналитик (MLOps),https://lipetsk.hh.ru/vacancy/83778678?from=vacancy_search_list&query=python,None,None,None
Наставник в школу программирования для детей (Тьютор),https://lipetsk.hh.ru/vacancy/84324247?from=vacancy_search_list&query=python,40000,75000,₽
Младший системный администратор/стажер,https://lipetsk.hh.ru/vacancy/82938386?from=vacancy_search_list&query=python,50000,None,₽
Lead pipeline TD,https://lipetsk.hh.ru/vacancy/84108272?from=vacancy_search_list&query=python,None,None,None
Старший аналитик данных,https://lipetsk.hh.ru/vacancy/83055735?from=vacancy_search_list&query=python,None,None,None
Аналитик данных DWH,https://lipetsk.hh.ru/vacancy/82880504?from=vacancy_search_list&query=python,None,None,None
SRE-инженер в проект Deckhouse,https://lipetsk.hh.ru/vacancy/83243633?from=vacancy_search_list&query=python,None,None,None
Дата-инженер,https://lipetsk.hh.ru/vacancy/83460991?from=vacancy_search_list&query=python,None,None,None
Инженер интернета вещей (IoT),https://lipetsk.hh.ru/vacancy/82923764?from=vacancy_search_list&query=python,None,None,None
Разработчик OpenStack,https://lipetsk.hh.ru/vacancy/84213886?from=vacancy_search_list&query=python,None,None,None
Middle/Senior Robotics Software Engineer,https://lipetsk.hh.ru/vacancy/83296784?from=vacancy_search_list&query=python,None,None,None
Data Analyst (Виртуальные ассистенты),https://lipetsk.hh.ru/vacancy/84306746?from=vacancy_search_list&query=python,None,None,None
Разработчик витрин данных,https://lipetsk.hh.ru/vacancy/84274501?from=vacancy_search_list&query=python,None,None,None
CI/CD инженер / DevOps инженер,https://lipetsk.hh.ru/vacancy/82953617?from=vacancy_search_list&query=python,None,None,None
Риск-аналитик,https://lipetsk.hh.ru/vacancy/84223869?from=vacancy_search_list&query=python,None,None,None
Специалист SRE,https://lipetsk.hh.ru/vacancy/83355414?from=vacancy_search_list&query=python,None,None,None
Cистемный администратор (Linux),https://lipetsk.hh.ru/vacancy/83621547?from=vacancy_search_list&query=python,110000,None,₽
Программист С++,https://lipetsk.hh.ru/vacancy/84187007?from=vacancy_search_list&query=python,200000,None,₽
Senior SRE Engineer,https://lipetsk.hh.ru/vacancy/81480264?from=vacancy_search_list&query=python,None,None,None
Программист С++ Senior,https://lipetsk.hh.ru/vacancy/71147159?from=vacancy_search_list&query=python,400000,700000,₽
Специалист по аналитике медиапродуктов,https://lipetsk.hh.ru/vacancy/83674385?from=vacancy_search_list&query=python,None,None,None
QA Automation Engineer (Android applications),https://lipetsk.hh.ru/vacancy/78475064?from=vacancy_search_list&query=python,None,None,None
SRE-инженер,https://lipetsk.hh.ru/vacancy/80849625?from=vacancy_search_list&query=python,None,None,None
Database Administrator (Минск),https://lipetsk.hh.ru/vacancy/68703465?from=vacancy_search_list&query=python,None,None,None
Старший консультант BI/Разработчик Power BI,https://lipetsk.hh.ru/vacancy/83827611?from=vacancy_search_list&query=python,None,None,None
Технический писатель,https://lipetsk.hh.ru/vacancy/84284730?from=vacancy_search_list&query=python,None,None,None
DevOps инженер (remote),https://lipetsk.hh.ru/vacancy/83299697?from=vacancy_search_list&query=python,None,None,None
System Analyst Middle+,https://lipetsk.hh.ru/vacancy/84302926?from=vacancy_search_list&query=python,None,None,None
Эксперт базы знаний (пентестер),https://lipetsk.hh.ru/vacancy/82012718?from=vacancy_search_list&query=python,200000,None,₽
BI аналитик,https://lipetsk.hh.ru/vacancy/82880521?from=vacancy_search_list&query=python,None,None,None
Teamlead DevOps,https://lipetsk.hh.ru/vacancy/82976426?from=vacancy_search_list&query=python,None,None,None
Data Partner,https://lipetsk.hh.ru/vacancy/84246042?from=vacancy_search_list&query=python,None,None,None
Shift system administrator,https://lipetsk.hh.ru/vacancy/83621703?from=vacancy_search_list&query=python,None,None,None
Database Administrator,https://lipetsk.hh.ru/vacancy/68703447?from=vacancy_search_list&query=python,None,None,None
Специалист по информационной безопасности (ФинТех),https://lipetsk.hh.ru/vacancy/83336673?from=vacancy_search_list&query=python,None,None,None
Риск-аналитик,https://lipetsk.hh.ru/vacancy/84207595?from=vacancy_search_list&query=python,None,None,None
Разработчик систем мониторинга / администратор Linux,https://lipetsk.hh.ru/vacancy/82836126?from=vacancy_search_list&query=python,None,None,None
DevOps инженер (Junior),https://lipetsk.hh.ru/vacancy/81313866?from=vacancy_search_list&query=python,None,None,None
DevOps Engineer Junior,https://lipetsk.hh.ru/vacancy/84304933?from=vacancy_search_list&query=python,None,None,None
Программист-тестировщик (отдел автотестирования),https://lipetsk.hh.ru/vacancy/77070621?from=vacancy_search_list&query=python,46000,92000,₽
Исследователь-разработчик (методы политических исследований),https://lipetsk.hh.ru/vacancy/83905902?from=vacancy_search_list&query=python,None,None,None
Системный администратор / специалист по нагрузочному тестированию,https://lipetsk.hh.ru/vacancy/84304629?from=vacancy_search_list&query=python,80000,99000,₽
Тестировщик ПО / QA-инженер,https://lipetsk.hh.ru/vacancy/83445142?from=vacancy_search_list&query=python,50000,80000,₽
QA Engineer/Тестировщик ПО,https://lipetsk.hh.ru/vacancy/84259975?from=vacancy_search_list&query=python,100000,130000,₽
Ведущий инженер по автоматизации тестирования (QE Automation Engineer),https://lipetsk.hh.ru/vacancy/83632250?from=vacancy_search_list&query=python,None,None,None
Веб-аналитик,https://lipetsk.hh.ru/vacancy/73466476?from=vacancy_search_list&query=python,None,None,None
Quantitative Analyst,https://lipetsk.hh.ru/vacancy/83960974?from=vacancy_search_list&query=python,None,None,None
Программист С++,https://lipetsk.hh.ru/vacancy/82293558?from=vacancy_search_list&query=python,None,None,None
Преподаватель в школу программирования,https://lipetsk.hh.ru/vacancy/83682533?from=vacancy_search_list&query=python,40000,50000,₽
DevOps инженер,https://lipetsk.hh.ru/vacancy/83809274?from=vacancy_search_list&query=python,None,None,None
Python Backend Team Lead,https://lipetsk.hh.ru/vacancy/84056249?from=vacancy_search_list&query=python,None,None,None
Golang Developer,https://lipetsk.hh.ru/vacancy/82642976?from=vacancy_search_list&query=python,None,None,None
DevOps Team Lead,https://lipetsk.hh.ru/vacancy/82931810?from=vacancy_search_list&query=python,None,None,None
Инженер по автоматизации тестирования телекомоборудования,https://lipetsk.hh.ru/vacancy/81672760?from=vacancy_search_list&query=python,None,None,None
Программист -тестировщик (отдел автотестирования),https://lipetsk.hh.ru/vacancy/78050064?from=vacancy_search_list&query=python,46000,92000,₽
Разработчик систем мониторинга / администратор Linux,https://lipetsk.hh.ru/vacancy/81319345?from=vacancy_search_list&query=python,None,None,None
Разработчик систем мониторинга / администратор Linux,https://lipetsk.hh.ru/vacancy/81319347?from=vacancy_search_list&query=python,None,None,None
Аналитик по информационной безопасности,https://lipetsk.hh.ru/vacancy/83768286?from=vacancy_search_list&query=python,None,None,None
Системный администратор,https://lipetsk.hh.ru/vacancy/83400714?from=vacancy_search_list&query=python,50000,60000,₽
Тестировщик ПО (QA),https://lipetsk.hh.ru/vacancy/82351173?from=vacancy_search_list&query=python,None,None,None
Senior Data Scientist (Дивизион развития цифрового профиля клиента),https://lipetsk.hh.ru/vacancy/82988515?from=vacancy_search_list&query=python,None,None,None
Инженер технической поддержки L1 (Linux),https://lipetsk.hh.ru/vacancy/82101956?from=vacancy_search_list&query=python,None,None,None
Python Backend Team Lead,https://lipetsk.hh.ru/vacancy/84056221?from=vacancy_search_list&query=python,None,None,None
Assistant Professor (Software Engineering),https://lipetsk.hh.ru/vacancy/81658554?from=vacancy_search_list&query=python,None,None,None
Программист С++,https://lipetsk.hh.ru/vacancy/82912947?from=vacancy_search_list&query=python,120000,None,₽
Системный администратор Linux Junior,https://lipetsk.hh.ru/vacancy/79130572?from=vacancy_search_list&query=python,70000,None,₽
Инженер-программист,https://lipetsk.hh.ru/vacancy/83030281?from=vacancy_search_list&query=python,None,None,None
Младший аналитик,https://lipetsk.hh.ru/vacancy/82020691?from=vacancy_search_list&query=python,60000,70000,₽
Q/A engineer,https://lipetsk.hh.ru/vacancy/82235310?from=vacancy_search_list&query=python,None,None,None
Старший аналитик в команду «Эксперименты»,https://lipetsk.hh.ru/vacancy/83041246?from=vacancy_search_list&query=python,None,None,None
Аналитик данных (Power BI) / BI Разработчик,https://lipetsk.hh.ru/vacancy/84277687?from=vacancy_search_list&query=python,80000,100000,₽
QA инженер,https://lipetsk.hh.ru/vacancy/80813692?from=vacancy_search_list&query=python,None,None,None
Devops инженер,https://lipetsk.hh.ru/vacancy/84295235?from=vacancy_search_list&query=python,None,None,None
DevOps (Удаленно),https://lipetsk.hh.ru/vacancy/81351669?from=vacancy_search_list&query=python,None,None,None
Продуктовый аналитик на проект Forge,https://lipetsk.hh.ru/vacancy/77773506?from=vacancy_search_list&query=python,None,None,None
Продуктовый аналитик (в команду ЮЛ),https://lipetsk.hh.ru/vacancy/84307494?from=vacancy_search_list&query=python,270000,None,₽
Преподаватель компьютерных курсов (it- образование),https://lipetsk.hh.ru/vacancy/84024532?from=vacancy_search_list&query=python,None,None,None
Risks Technologist,https://lipetsk.hh.ru/vacancy/83346208?from=vacancy_search_list&query=python,None,None,None
DevOps инженер,https://lipetsk.hh.ru/vacancy/80433062?from=vacancy_search_list&query=python,None,None,None
Game QA Engineer,https://lipetsk.hh.ru/vacancy/80441349?from=vacancy_search_list&query=python,None,None,None
Специалист по анализу уязвимостей кода,https://lipetsk.hh.ru/vacancy/79833837?from=vacancy_search_list&query=python,None,None,None
Системный аналитик (R&D),https://lipetsk.hh.ru/vacancy/82845945?from=vacancy_search_list&query=python,325000,None,₽
Специалист-исследователь в области обработки речи,https://lipetsk.hh.ru/vacancy/71864086?from=vacancy_search_list&query=python,None,None,None
Старший инженер Hadoop,https://lipetsk.hh.ru/vacancy/80030456?from=vacancy_search_list&query=python,None,None,None
Программист встраиваемых систем,https://lipetsk.hh.ru/vacancy/83906409?from=vacancy_search_list&query=python,100000,150000,₽
Разработчик ETL / SQL,https://lipetsk.hh.ru/vacancy/83650486?from=vacancy_search_list&query=python,None,None,None
Эксперт в области Бурения (со знанием ML),https://lipetsk.hh.ru/vacancy/84272099?from=vacancy_search_list&query=python,None,None,None
Разработчик Back-end,https://lipetsk.hh.ru/vacancy/84168130?from=vacancy_search_list&query=python,None,None,None
Тьютор (наставник в школу программирования KIBERone),https://lipetsk.hh.ru/vacancy/84281444?from=vacancy_search_list&query=python,44800,None,₽
Streaming Engineer,https://lipetsk.hh.ru/vacancy/82920220?from=vacancy_search_list&query=python,None,None,None
Программист-тестировщик (отдел автотестирования),https://lipetsk.hh.ru/vacancy/78050090?from=vacancy_search_list&query=python,46000,92000,₽
Релиз-инженер (Build/Release engineer),https://lipetsk.hh.ru/vacancy/84261493?from=vacancy_search_list&query=python,None,None,None
DevOps-инженер [Умный дом],https://lipetsk.hh.ru/vacancy/84239910?from=vacancy_search_list&query=python,None,None,None
DevOps-инженер [Умный дом],https://lipetsk.hh.ru/vacancy/84239911?from=vacancy_search_list&query=python,None,None,None
DevOps специалист (Рекомендательная система),https://lipetsk.hh.ru/vacancy/81521288?from=vacancy_search_list&query=python,None,None,None
Инженер по тестированию (QA),https://lipetsk.hh.ru/vacancy/81248093?from=vacancy_search_list&query=python,None,None,None
DevOps-инженер,https://lipetsk.hh.ru/vacancy/84299200?from=vacancy_search_list&query=python,None,None,None
Product Analyst (Finance),https://lipetsk.hh.ru/vacancy/84107066?from=vacancy_search_list&query=python,None,None,None
Сетевой Инженер,https://lipetsk.hh.ru/vacancy/84070982?from=vacancy_search_list&query=python,90000,100000,₽
Разработчик С++,https://lipetsk.hh.ru/vacancy/69807196?from=vacancy_search_list&query=python,None,None,None
Engine Programmer C++ (Мир танков),https://lipetsk.hh.ru/vacancy/80491173?from=vacancy_search_list&query=python,None,None,None
DevOps-инженер,https://lipetsk.hh.ru/vacancy/84116203?from=vacancy_search_list&query=python,None,None,None
Наставник в международную школу программирования для детей KIBERone,https://lipetsk.hh.ru/vacancy/84239067?from=vacancy_search_list&query=python,None,None,None
Senior developer/Tech Lead (Python),https://lipetsk.hh.ru/vacancy/84025957?from=vacancy_search_list&query=python,None,None,None
Инженер по информационной безопасности (BugBounty),https://lipetsk.hh.ru/vacancy/82062370?from=vacancy_search_list&query=python,None,None,None
Senior risk manager,https://lipetsk.hh.ru/vacancy/83044489?from=vacancy_search_list&query=python,None,None,None
Python/С++ разработчик,https://lipetsk.hh.ru/vacancy/83959370?from=vacancy_search_list&query=python,105000,215000,₽
Стажер-разработчик PHP,https://lipetsk.hh.ru/vacancy/80231559?from=vacancy_search_list&query=python,15000,None,₽
Senior Data Analyst (Дивизион развития цифрового профиля клиента),https://lipetsk.hh.ru/vacancy/82987019?from=vacancy_search_list&query=python,None,None,None
Инженер по внедрению телекоммуникационного биллинга (удаленно),https://lipetsk.hh.ru/vacancy/84215983?from=vacancy_search_list&query=python,195000,None,₽
Старший менеджер отдела обработки данных,https://lipetsk.hh.ru/vacancy/84170114?from=vacancy_search_list&query=python,None,None,None
Старший аналитик данных,https://lipetsk.hh.ru/vacancy/84297452?from=vacancy_search_list&query=python,None,None,None
Database administrator/DBA,https://lipetsk.hh.ru/vacancy/83710894?from=vacancy_search_list&query=python,None,None,None
Главный DevOps-инженер,https://lipetsk.hh.ru/vacancy/84239097?from=vacancy_search_list&query=python,None,None,None
Системный аналитик,https://lipetsk.hh.ru/vacancy/84053028?from=vacancy_search_list&query=python,220000,None,₽
Старший эксперт по развитию информационной безопасности,https://lipetsk.hh.ru/vacancy/80283778?from=vacancy_search_list&query=python,None,None,None
"Системный, kernel программист Linux",https://lipetsk.hh.ru/vacancy/80785876?from=vacancy_search_list&query=python,None,None,None
Инженер по нагрузочному тестированию (СберИнвестор),https://lipetsk.hh.ru/vacancy/84275949?from=vacancy_search_list&query=python,None,None,None
Аналитик баз данных,https://lipetsk.hh.ru/vacancy/83190506?from=vacancy_search_list&query=python,None,None,None
Преподаватель КиберШколы,https://lipetsk.hh.ru/vacancy/83698662?from=vacancy_search_list&query=python,50000,150000,₽
C++ developer (в области PKI),https://lipetsk.hh.ru/vacancy/80651037?from=vacancy_search_list&query=python,None,None,None
BI Аналитик,https://lipetsk.hh.ru/vacancy/84301836?from=vacancy_search_list&query=python,None,None,None
Заместитель начальника отдела моделирования и риск-технологий,https://lipetsk.hh.ru/vacancy/83661746?from=vacancy_search_list&query=python,200000,None,₽
Программист-разработчик PHP,https://lipetsk.hh.ru/vacancy/84215580?from=vacancy_search_list&query=python,150000,None,₽
Аналитик,https://lipetsk.hh.ru/vacancy/83003119?from=vacancy_search_list&query=python,None,None,None
Инженер по тестированию (QA),https://lipetsk.hh.ru/vacancy/83639422?from=vacancy_search_list&query=python,None,None,None
Инженер по информационной безопасности,https://lipetsk.hh.ru/vacancy/68975044?from=vacancy_search_list&query=python,None,None,None
DevOps Engineer,https://lipetsk.hh.ru/vacancy/84215039?from=vacancy_search_list&query=python,None,None,None
Менеджер по анализу защищенности и тестированию на проникновение,https://lipetsk.hh.ru/vacancy/80019518?from=vacancy_search_list&query=python,None,None,None
Ведущий тестировщик ПО,https://lipetsk.hh.ru/vacancy/83564309?from=vacancy_search_list&query=python,120000,140000,₽
DevOps инженер,https://lipetsk.hh.ru/vacancy/84268222?from=vacancy_search_list&query=python,None,None,None
Системный инженер Linux,https://lipetsk.hh.ru/vacancy/84327692?from=vacancy_search_list&query=python,None,None,None
Инженер- разработчик физ-мат моделей нефтегазовая отрасль,https://lipetsk.hh.ru/vacancy/84294466?from=vacancy_search_list&query=python,None,None,None
Преподаватель компьютерных курсов для детей (г. Долгопрудный),https://lipetsk.hh.ru/vacancy/83089570?from=vacancy_search_list&query=python,None,None,None
Системный аналитик,https://lipetsk.hh.ru/vacancy/84312803?from=vacancy_search_list&query=python,None,None,None
Senior DevOps-инженер [МТС Премиум],https://lipetsk.hh.ru/vacancy/83454708?from=vacancy_search_list&query=python,None,None,None
"Системный, kernel программист Linux",https://lipetsk.hh.ru/vacancy/82634131?from=vacancy_search_list&query=python,None,None,None
Системный аналитик,https://lipetsk.hh.ru/vacancy/80068601?from=vacancy_search_list&query=python,None,None,None
MLOps-инженер (ADAS),https://lipetsk.hh.ru/vacancy/83637265?from=vacancy_search_list&query=python,None,None,None
QA Engineer,https://lipetsk.hh.ru/vacancy/76979617?from=vacancy_search_list&query=python,None,None,None
DevOps инженер (Процессинг Эквайринга),https://lipetsk.hh.ru/vacancy/84223227?from=vacancy_search_list&query=python,None,None,None
Ведущий разработчик баз данных ETL,https://lipetsk.hh.ru/vacancy/84034119?from=vacancy_search_list&query=python,None,None,None
Программист-наставник (в офисе),https://lipetsk.hh.ru/vacancy/84186382?from=vacancy_search_list&query=python,50000,80000,₽
Пентестер вэб приложений,https://lipetsk.hh.ru/vacancy/84245645?from=vacancy_search_list&query=python,None,None,None
Аналитик SOC L2,https://lipetsk.hh.ru/vacancy/84201715?from=vacancy_search_list&query=python,None,None,None
"QA Test Auto (Python/Pytest/Selenium), TenVision интеграция (MTS AI)",https://lipetsk.hh.ru/vacancy/84191501?from=vacancy_search_list&query=python,None,None,None
DevOps инженер (Kubernetes Operator Developer),https://lipetsk.hh.ru/vacancy/76870760?from=vacancy_search_list&query=python,None,None,None
DevOps Engineer (NDS),https://lipetsk.hh.ru/vacancy/81956562?from=vacancy_search_list&query=python,None,None,None
Ведущий инженер (cloud архитектор/linux администратор),https://lipetsk.hh.ru/vacancy/83300076?from=vacancy_search_list&query=python,None,None,None
Продуктовый аналитик,https://lipetsk.hh.ru/vacancy/81319201?from=vacancy_search_list&query=python,None,None,None
Аналитик-маркетолог,https://lipetsk.hh.ru/vacancy/83294844?from=vacancy_search_list&query=python,1500,None,$
Системный инженер / DevOps Engineer,https://lipetsk.hh.ru/vacancy/81725112?from=vacancy_search_list&query=python,None,None,None
DevOps (Kubernetes) (SberInfra),https://lipetsk.hh.ru/vacancy/81723977?from=vacancy_search_list&query=python,None,None,None
Analytical Mathematician,https://lipetsk.hh.ru/vacancy/84156655?from=vacancy_search_list&query=python,None,None,None
Infrastructure Engineer (to Cyprus),https://lipetsk.hh.ru/vacancy/80255275?from=vacancy_search_list&query=python,None,None,None
Application Security Specialist,https://lipetsk.hh.ru/vacancy/79652026?from=vacancy_search_list&query=python,None,None,None
QA Automation Engineer,https://lipetsk.hh.ru/vacancy/84274234?from=vacancy_search_list&query=python,None,None,None
Системный программист Linux,https://lipetsk.hh.ru/vacancy/67261768?from=vacancy_search_list&query=python,None,None,None
Qa automation (middle/middle+) / Тестировщик-автоматизатор,https://lipetsk.hh.ru/vacancy/82666836?from=vacancy_search_list&query=python,None,None,None
Программист-разработчик,https://lipetsk.hh.ru/vacancy/83758246?from=vacancy_search_list&query=python,None,None,None
Аналитик (медиаинвестиции),https://lipetsk.hh.ru/vacancy/84252869?from=vacancy_search_list&query=python,None,None,None
Maintainer of UNIX systems,https://lipetsk.hh.ru/vacancy/81390018?from=vacancy_search_list&query=python,None,None,None
"Преподаватель информатики, программирования для детей",https://lipetsk.hh.ru/vacancy/84115907?from=vacancy_search_list&query=python,None,None,None
Релиз-инженер (Build/Release engineer),https://lipetsk.hh.ru/vacancy/84260852?from=vacancy_search_list&query=python,None,None,None
Аналитик,https://lipetsk.hh.ru/vacancy/83411181?from=vacancy_search_list&query=python,50000,70000,₽
Системный администратор,https://lipetsk.hh.ru/vacancy/83741181?from=vacancy_search_list&query=python,50000,None,₽
Разработчик в команду системной инфраструктуры Беспилотных автомобилей,https://lipetsk.hh.ru/vacancy/78741874?from=vacancy_search_list&query=python,None,None,None
Инженер-физик / Physicist (nuclear),https://lipetsk.hh.ru/vacancy/84189624?from=vacancy_search_list&query=python,None,None,None
Администратор Qlik Sense,https://lipetsk.hh.ru/vacancy/82961993?from=vacancy_search_list&query=python,200000,250000,₽
Product analyst (middle),https://lipetsk.hh.ru/vacancy/84285133?from=vacancy_search_list&query=python,None,None,None
QA Automation Engineer (MIDDLE & SENIOR),https://lipetsk.hh.ru/vacancy/84250898?from=vacancy_search_list&query=python,None,None,None
Системный аналитик DWH/Аналитик,https://lipetsk.hh.ru/vacancy/80184468?from=vacancy_search_list&query=python,None,None,None
Embedded Linux программист,https://lipetsk.hh.ru/vacancy/84232266?from=vacancy_search_list&query=python,None,None,None
